BLOCKCE20,GEOID20,NAME20,HOUSING20,POP20,geometry,pool_count,visitors_per_1000_residents
2030,230010102002030,Block 2030,36,76,"POLYGON ((-70.236816 44.137005, -70.236602 44.137102, -70.236388 44.137158, -70.236243 44.137232, -70.23618 44.137421, -70.236171 44.137633, -70.236056 44.137697, -70.235905 44.137649, -70.235836 44.137686, -70.235797 44.137822, -70.23591 44.137924, -70.235894 44.137965, -70.235772 44.13807, -70.235559 44.138049, -70.235483 44.138077, -70.235443 44.138325, -70.235404 44.138425, -70.235358 44.138497, -70.235082 44.138743, -70.23502 44.13882, -70.235004 44.138902, -70.235018 44.139194, -70.234918 44.139285, -70.234863 44.139524, -70.234783 44.140052, -70.234721 44.140161, -70.234607 44.140193, -70.234471 44.140024, -70.234129 44.139942, -70.234054 44.13983, -70.234032 44.139709, -70.23402 44.139299, -70.233945 44.139129, -70.233779 44.138928, -70.233575 44.138755, -70.233294 44.138564, -70.23312 44.138499, -70.232922 44.138447, -70.2329 44.138398, -70.233047 44.138108, -70.233017 44.138009, -70.232737 44.137832, -70.232532 44.137672, -70.232389 44.137525, -70.232355 44.137434, -70.232329 44.137364, -70.232179 44.137068, -70.231877 44.136761, -70.231809 44.136739, -70.23174 44.136749, -70.231671 44.13684, -70.231586 44.137057, -70.231447 44.137198, -70.23131 44.137294, -70.231248 44.137362, -70.231377 44.137532, -70.231475 44.13763, -70.231497 44.137693, -70.231481 44.137783, -70.231527 44.1378, -70.231618 44.137799, -70.23167 44.137893, -70.231655 44.137983, -70.23147 44.138256, -70.231469 44.138413, -70.231552 44.138507, -70.231635 44.138537, -70.231184 44.138812, -70.231038 44.138926, -70.230908 44.139058, -70.231029 44.139174, -70.231165 44.139254, -70.2312 44.139293, -70.231256 44.139356, -70.231278 44.139473, -70.231368 44.139634, -70.231474 44.139687, -70.231595 44.139803, -70.231708 44.139959, -70.231684 44.140117, -70.231569 44.140285, -70.23143 44.140435, -70.231475 44.140578, -70.231535 44.140672, -70.23155 44.140753, -70.231442 44.140912, -70.231411 44.141011, -70.231456 44.141092, -70.231539 44.141091, -70.231654 44.14104, -70.231769 44.140967, -70.231822 44.140984, -70.231914 44.141104, -70.232026 44.141252, -70.232085 44.141386, -70.232111 44.141427, -70.231309 44.142363, -70.231271 44.142358, -70.230753 44.142288, -70.230482 44.142257, -70.230241 44.142223, -70.230149 44.142214, -70.229958 44.142195, -70.229748 44.142165, -70.229419 44.1421, -70.229003 44.141999, -70.228839 44.141956, -70.228776 44.141944, -70.228645 44.141933, -70.22845 44.141927, -70.227951 44.14197, -70.227568 44.141992, -70.227374 44.141999, -70.227507 44.141678, -70.227592 44.141495, -70.22793 44.140722, -70.227981 44.140581, -70.228021 44.140448, -70.228083 44.140124, -70.228292 44.138628, -70.228367 44.137996, -70.228392 44.137761, -70.228436 44.137458, -70.228489 44.137176, -70.228511 44.137013, -70.228543 44.136855, -70.228582 44.136587, -70.228607 44.136457, -70.228803 44.135781, -70.228892 44.135451, -70.228947 44.13505, -70.228958 44.134666, -70.228944 44.134361, -70.228923 44.134158, -70.228903 44.13407, -70.228873 44.133968, -70.228836 44.13387, -70.228771 44.133769, -70.228724 44.133709, -70.232947 44.134765, -70.237064 44.136803, -70.236816 44.137005), (-70.229798 44.137898, -70.229496 44.137899, -70.229124 44.13788, -70.229053 44.13788, -70.229009 44.137889, -70.228983 44.137922, -70.228982 44.138072, -70.228974 44.138241, -70.228987 44.138323, -70.229003 44.138343, -70.22903 44.138357, -70.229104 44.138375, -70.229322 44.138399, -70.229708 44.138434, -70.229787 44.137987, -70.229798 44.137898), (-70.22978 44.137391, -70.229776 44.137365, -70.229766 44.136946, -70.229754 44.136903, -70.229724 44.136883, -70.229674 44.136872, -70.229282 44.13686, -70.228751 44.136838, -70.228667 44.136848, -70.228702 44.136876, -70.228745 44.136903, -70.228858 44.137032, -70.228924 44.137131, -70.228962 44.13721, -70.229005 44.137349, -70.229021 44.137372, -70.229092 44.13738, -70.229295 44.137391, -70.229416 44.137403, -70.229626 44.137415, -70.229791 44.137416, -70.22978 44.137391))",1,13.16
3003,230010102003003,Block 3003,20,48,"POLYGON ((-70.229574 44.118399, -70.229538 44.118543, -70.229506 44.118623, -70.229442 44.118756, -70.229358 44.118887, -70.229117 44.118852, -70.228541 44.118752, -70.227561 44.118563, -70.227078 44.118477, -70.226555 44.118379, -70.225598 44.118179, -70.225234 44.118117, -70.225142 44.118112, -70.225061 44.118092, -70.22489 44.117393, -70.225026 44.117399, -70.225204 44.117425, -70.225363 44.117458, -70.22563 44.117506, -70.226034 44.117571, -70.228037 44.117941, -70.229126 44.118154, -70.229294 44.118182, -70.229392 44.118202, -70.229469 44.118233, -70.229514 44.118259, -70.229535 44.118285, -70.22957 44.118357, -70.229574 44.118399))",4,83.33
1022,230010104001022,Block 1022,9,26,"POLYGON ((-70.242761 44.082868, -70.242293 44.083412, -70.242186 44.083524, -70.242122 44.083487, -70.24189 44.083381, -70.241651 44.083253, -70.241405 44.083134, -70.242064 44.08244, -70.242413 44.08208, -70.242564 44.081915, -70.243293 44.082269, -70.242761 44.082868))",2,76.92
1000,230010201001000,Block 1000,40,74,"POLYGON ((-70.214451 44.097122, -70.213559 44.09741, -70.213312 44.097026, -70.212887 44.096321, -70.213244 44.096208, -70.213741 44.096044, -70.214355 44.097032, -70.214451 44.097122))",6,81.08
1004,230010201001004,Block 1004,65,116,"POLYGON ((-70.217053 44.096282, -70.217005 44.096192, -70.216912 44.096052, -70.216478 44.095345, -70.216395 44.095227, -70.216869 44.095071, -70.217524 44.096127, -70.217053 44.096282))",8,68.97
1008,230010201001008,Block 1008,45,55,"POLYGON ((-70.216323 44.095226, -70.215951 44.095352, -70.215326 44.094339, -70.215762 44.094204, -70.21611 44.094788, -70.216395 44.095227, -70.216323 44.095226))",7,127.27
1009,230010201001009,Block 1009,24,46,"POLYGON ((-70.215659 44.095447, -70.21548 44.095496, -70.215255 44.095147, -70.215139 44.094945, -70.214856 44.094498, -70.215326 44.094339, -70.215951 44.095352, -70.215659 44.095447))",9,195.65
1011,230010201001011,Block 1011,30,13,"POLYGON ((-70.213244 44.096208, -70.212887 44.096321, -70.21271 44.096052, -70.212259 44.095325, -70.213119 44.095047, -70.213741 44.096044, -70.213244 44.096208))",5,384.62
1013,230010201001013,Block 1013,70,527,"POLYGON ((-70.213386 44.093772, -70.212516 44.09406, -70.212151 44.093482, -70.21182 44.092933, -70.212268 44.092791, -70.212553 44.092693, -70.212695 44.092648, -70.213386 44.093772))",28,53.13
1014,230010201001014,Block 1014,82,212,"POLYGON ((-70.214241 44.093493, -70.213386 44.093772, -70.212695 44.092648, -70.213555 44.092366, -70.214132 44.093323, -70.214241 44.093493))",41,193.4
2004,230010201002004,Block 2004,6,8,"POLYGON ((-70.218256 44.098668, -70.217787 44.099018, -70.217386 44.099311, -70.217337 44.099215, -70.217297 44.099154, -70.217209 44.098937, -70.217901 44.098434, -70.218013 44.098373, -70.218074 44.098494, -70.218126 44.098575, -70.218182 44.098622, -70.218256 44.098668))",4,500.0
2009,230010201002009,Block 2009,24,37,"POLYGON ((-70.214698 44.097982, -70.214229 44.098132, -70.214106 44.098187, -70.21405 44.098216, -70.213559 44.09741, -70.214451 44.097122, -70.214936 44.097897, -70.214698 44.097982))",3,81.08
3001,230010201003001,Block 3001,3,4,"POLYGON ((-70.222705 44.09728, -70.222488 44.097249, -70.222277 44.097226, -70.221842 44.097179, -70.221822 44.097203, -70.221781 44.097199, -70.221761 44.097225, -70.221717 44.097316, -70.221705 44.097379, -70.221712 44.097487, -70.221699 44.097575, -70.22169 44.097733, -70.22168 44.097821, -70.221679 44.097911, -70.221665 44.097976, -70.221636 44.09804, -70.221573 44.098083, -70.22148 44.098132, -70.221332 44.098173, -70.221287 44.098178, -70.221118 44.098186, -70.221045 44.098194, -70.221053 44.098356, -70.221048 44.098374, -70.221124 44.098445, -70.221161 44.098454, -70.221233 44.098628, -70.221258 44.098609, -70.221281 44.098577, -70.22131 44.098562, -70.221356 44.098559, -70.221413 44.098607, -70.221418 44.098625, -70.2214 44.098658, -70.221353 44.098712, -70.221324 44.098732, -70.221279 44.098754, -70.221304 44.098892, -70.221321 44.098935, -70.221213 44.098958, -70.221236 44.099033, -70.220965 44.099139, -70.220911 44.099188, -70.221139 44.099396, -70.2211 44.099422, -70.221079 44.099447, -70.221064 44.099507, -70.221044 44.099539, -70.221 44.09958, -70.220983 44.099624, -70.220961 44.099644, -70.220929 44.099662, -70.220912 44.099687, -70.220467 44.099426, -70.220437 44.099426, -70.220361 44.09941, -70.220323 44.099391, -70.220289 44.099368, -70.220261 44.099343, -70.220122 44.099253, -70.219986 44.099176, -70.219962 44.09915, -70.219901 44.099109, -70.219822 44.09908, -70.219725 44.099035, -70.219692 44.099037, -70.2196 44.099003, -70.219561 44.098999, -70.219523 44.098988, -70.219484 44.098986, -70.219367 44.098969, -70.219342 44.098989, -70.218742 44.098255, -70.21885 44.098179, -70.219763 44.097548, -70.21988 44.097478, -70.220032 44.097404, -70.22017 44.097345, -70.220616 44.097216, -70.221203 44.097067, -70.221531 44.097046, -70.221589 44.097055, -70.221814 44.097074, -70.222909 44.097189, -70.222705 44.09728))",2,500.0
3002,230010201003002,Block 3002,48,67,"POLYGON ((-70.221203 44.097067, -70.220616 44.097216, -70.22017 44.097345, -70.220032 44.097404, -70.21988 44.097478, -70.219763 44.097548, -70.21885 44.098179, -70.218742 44.098255, -70.218577 44.098372, -70.218413 44.098209, -70.218292 44.0976, -70.218288 44.097471, -70.218226 44.09718, -70.218209 44.097136, -70.218123 44.096728, -70.21807 44.096443, -70.218047 44.096279, -70.218048 44.096249, -70.217999 44.096018, -70.21797 44.095941, -70.217935 44.095841, -70.217892 44.095742, -70.217691 44.095415, -70.217367 44.094914, -70.217148 44.094541, -70.217003 44.094316, -70.216749 44.093893, -70.216926 44.093838, -70.217018 44.093808, -70.217369 44.093691, -70.218255 44.093411, -70.21831 44.093393, -70.218498 44.093705, -70.219604 44.095477, -70.21963 44.095519, -70.219644 44.095539, -70.219703 44.09553, -70.220572 44.095379, -70.220694 44.095359, -70.220711 44.095406, -70.220722 44.095439, -70.220731 44.095472, -70.220745 44.095529, -70.220781 44.095709, -70.220933 44.096619, -70.220941 44.096707, -70.221203 44.097067))",8,119.4
3011,230010201003011,Block 3011,17,35,"POLYGON ((-70.221177 44.095198, -70.220657 44.095285, -70.220362 44.094831, -70.219982 44.09421, -70.219768 44.093854, -70.220206 44.093715, -70.220237 44.09371, -70.220262 44.093708, -70.220709 44.093586, -70.22084 44.093794, -70.22051 44.094123, -70.220713 44.094458, -70.221177 44.095198))",2,57.14
3015,230010201003015,Block 3015,39,104,"POLYGON ((-70.220209 44.092778, -70.219972 44.09286, -70.219754 44.09293, -70.21964 44.092726, -70.219062 44.091798, -70.218808 44.09138, -70.21872 44.091243, -70.219154 44.091097, -70.219369 44.091417, -70.219687 44.091929, -70.219781 44.092089, -70.21986 44.092211, -70.219976 44.092409, -70.220086 44.092572, -70.220209 44.092778))",8,76.92
1008,230010202001008,Block 1008,40,77,"POLYGON ((-70.218885 44.104175, -70.218731 44.104325, -70.218604 44.10446, -70.218484 44.104597, -70.218327 44.104754, -70.218187 44.104906, -70.218049 44.105037, -70.217768 44.105346, -70.217501 44.105613, -70.217332 44.105798, -70.217016 44.105646, -70.216556 44.105416, -70.216812 44.105127, -70.217204 44.104717, -70.217377 44.104544, -70.217893 44.103997, -70.218079 44.103812, -70.218346 44.103521, -70.219143 44.103905, -70.218885 44.104175))",3,38.96
2001,230010202002001,Block 2001,15,49,"POLYGON ((-70.211985 44.107575, -70.211871 44.107803, -70.21176 44.108039, -70.210398 44.107677, -70.210228 44.107625, -70.210549 44.106997, -70.210723 44.107053, -70.211038 44.107131, -70.212074 44.107414, -70.211985 44.107575))",4,81.63
2003,230010202002003,Block 2003,21,48,"POLYGON ((-70.212283 44.107022, -70.212074 44.107414, -70.211038 44.107131, -70.210723 44.107053, -70.210549 44.106997, -70.210718 44.106684, -70.21086 44.10643, -70.210996 44.106473, -70.211394 44.106583, -70.212375 44.10684, -70.212283 44.107022))",1,20.83
2004,230010202002004,Block 2004,48,81,"POLYGON ((-70.211859 44.104701, -70.211638 44.105088, -70.211173 44.105916, -70.210922 44.10632, -70.21086 44.10643, -70.210718 44.106684, -70.210459 44.106562, -70.210151 44.10641, -70.209994 44.10632, -70.20988 44.106264, -70.210233 44.105622, -70.210595 44.104965, -70.210969 44.104287, -70.211755 44.10469, -70.211859 44.104701))",3,37.04
2006,230010202002006,Block 2006,19,26,"POLYGON ((-70.212643 44.106333, -70.211173 44.105916, -70.211638 44.105088, -70.212948 44.105739, -70.212643 44.106333))",1,38.46
2010,230010203012010,Block 2010,0,0,"POLYGON ((-70.204318 44.10168, -70.202928 44.103132, -70.202738 44.10332, -70.202663 44.103396, -70.202524 44.103551, -70.200915 44.102757, -70.200365 44.102486, -70.200189 44.102396, -70.201507 44.101136, -70.201558 44.10106, -70.201579 44.101013, -70.201583 44.100937, -70.201558 44.100746, -70.201525 44.100508, -70.202545 44.100417, -70.20257 44.100553, -70.202598 44.100669, -70.202648 44.100815, -70.202694 44.100881, -70.202729 44.100909, -70.203046 44.10107, -70.203484 44.101273, -70.203628 44.10134, -70.204318 44.10168))",6,0.0
3003,230010203013003,Block 3003,23,40,"POLYGON ((-70.20754 44.103538, -70.207529 44.10355, -70.207359 44.103727, -70.207241 44.103851, -70.206832 44.103588, -70.205713 44.104787, -70.205242 44.104574, -70.205474 44.10433, -70.206826 44.102913, -70.207726 44.103345, -70.20754 44.103538))",4,100.0
3004,230010203013004,Block 3004,15,21,"POLYGON ((-70.206826 44.102913, -70.205474 44.10433, -70.204648 44.103929, -70.206031 44.102509, -70.206826 44.102913))",2,95.24
3010,230010203013010,Block 3010,60,106,"POLYGON ((-70.209011 44.103354, -70.208614 44.103801, -70.208018 44.103495, -70.207726 44.103345, -70.208931 44.1021, -70.20975 44.102522, -70.209011 44.103354))",3,28.3
1001,230010203021001,Block 1001,38,82,"POLYGON ((-70.198239 44.099571, -70.197165 44.100795, -70.19712 44.100859, -70.19708 44.1009, -70.19703 44.100876, -70.196871 44.10078, -70.196662 44.100672, -70.196033 44.10037, -70.196337 44.100065, -70.196521 44.099888, -70.196675 44.099747, -70.196782 44.099633, -70.196859 44.099541, -70.196742 44.099478, -70.196386 44.09932, -70.195914 44.099091, -70.195832 44.099044, -70.195985 44.098884, -70.196233 44.098609, -70.196692 44.098839, -70.197932 44.099435, -70.198239 44.099571))",6,73.17
1002,230010203021002,Block 1002,52,100,"POLYGON ((-70.200587 44.099169, -70.199541 44.100342, -70.199218 44.10071, -70.19708 44.1009, -70.19712 44.100859, -70.197165 44.100795, -70.198239 44.099571, -70.198754 44.099006, -70.199222 44.098496, -70.199311 44.098391, -70.199333 44.098458, -70.199495 44.098527, -70.199698 44.098638, -70.200143 44.098932, -70.200278 44.099008, -70.200587 44.099169))",1,10.0
1006,230010203021006,Block 1006,23,56,"POLYGON ((-70.206565 44.100683, -70.206545 44.100748, -70.206507 44.100799, -70.205237 44.102123, -70.204318 44.10168, -70.205772 44.100176, -70.205867 44.100119, -70.205923 44.100144, -70.206436 44.100339, -70.206524 44.100368, -70.206532 44.100486, -70.206547 44.100595, -70.206565 44.100683))",3,53.57
1009,230010203021009,Block 1009,128,224,"POLYGON ((-70.212103 44.100055, -70.211877 44.100278, -70.211597 44.100578, -70.211552 44.100624, -70.210739 44.101453, -70.210345 44.101879, -70.20975 44.102522, -70.208931 44.1021, -70.210599 44.100377, -70.210757 44.100192, -70.210775 44.100134, -70.21076 44.100101, -70.211032 44.100086, -70.211867 44.100054, -70.212064 44.100052, -70.212103 44.100055))",8,35.71
1010,230010203021010,Block 1010,69,109,"POLYGON ((-70.212 44.102449, -70.211498 44.103349, -70.210843 44.103047, -70.209796 44.102563, -70.20975 44.102522, -70.210345 44.101879, -70.210739 44.101453, -70.212269 44.101974, -70.212 44.102449))",2,18.35
1011,230010203021011,Block 1011,121,172,"POLYGON ((-70.213188 44.10042, -70.21284 44.101015, -70.212269 44.101974, -70.210739 44.101453, -70.211552 44.100624, -70.211597 44.100578, -70.211877 44.100278, -70.212103 44.100055, -70.213291 44.100226, -70.213188 44.10042))",17,98.84
1012,230010203021012,Block 1012,9,28,"POLYGON ((-70.207062 44.100385, -70.206851 44.100401, -70.206661 44.100395, -70.206564 44.100379, -70.206524 44.100368, -70.206436 44.100339, -70.205923 44.100144, -70.205867 44.100119, -70.205922 44.100058, -70.206056 44.099936, -70.206239 44.099793, -70.206279 44.099774, -70.206463 44.099708, -70.206617 44.099658, -70.206995 44.100267, -70.207062 44.100385))",1,35.71
1022,230010203021022,Block 1022,13,31,"POLYGON ((-70.204621 44.098997, -70.204566 44.098951, -70.204514 44.098915, -70.203956 44.098616, -70.203206 44.098237, -70.204441 44.097839, -70.205065 44.098852, -70.204621 44.098997))",4,129.03
1000,230010203031000,Block 1000,35,74,"POLYGON ((-70.208046 44.100301, -70.207785 44.100321, -70.207062 44.100385, -70.206995 44.100267, -70.206617 44.099658, -70.207477 44.09938, -70.207519 44.099451, -70.207903 44.100045, -70.208046 44.100301))",2,27.03
1001,230010203031001,Block 1001,40,82,"POLYGON ((-70.209036 44.100228, -70.208046 44.100301, -70.207903 44.100045, -70.207519 44.099451, -70.207477 44.09938, -70.208343 44.0991, -70.208952 44.100068, -70.209036 44.100228))",1,12.2
1002,230010203031002,Block 1002,55,116,"POLYGON ((-70.20975 44.100176, -70.209358 44.100205, -70.209036 44.100228, -70.208952 44.100068, -70.208343 44.0991, -70.208736 44.098971, -70.209213 44.09882, -70.210053 44.100159, -70.20975 44.100176))",5,43.1
1003,230010203031003,Block 1003,60,122,"POLYGON ((-70.211032 44.100086, -70.21076 44.100101, -70.210053 44.100159, -70.209213 44.09882, -70.210089 44.098542, -70.210264 44.098831, -70.21057 44.099306, -70.210939 44.099905, -70.211032 44.100086))",9,73.77
1004,230010203031004,Block 1004,64,126,"POLYGON ((-70.212064 44.100052, -70.211867 44.100054, -70.211032 44.100086, -70.210939 44.099905, -70.21057 44.099306, -70.210264 44.098831, -70.210089 44.098542, -70.210485 44.098413, -70.210956 44.098259, -70.211192 44.098641, -70.212025 44.099988, -70.212103 44.100055, -70.212064 44.100052))",2,15.87
1005,230010203031005,Block 1005,46,109,"POLYGON ((-70.212458 44.099764, -70.212103 44.100055, -70.212025 44.099988, -70.211192 44.098641, -70.210956 44.098259, -70.211818 44.097979, -70.212056 44.098353, -70.212768 44.099474, -70.212458 44.099764))",3,27.52
1007,230010203031007,Block 1007,71,109,"POLYGON ((-70.214344 44.098812, -70.213812 44.099528, -70.213697 44.099688, -70.213365 44.100116, -70.213291 44.100226, -70.213196 44.100153, -70.212768 44.099474, -70.213418 44.09881, -70.213552 44.098679, -70.213757 44.098478, -70.213887 44.098358, -70.213958 44.098284, -70.214007 44.098242, -70.21405 44.098216, -70.214194 44.098432, -70.214414 44.098798, -70.214344 44.098812))",4,36.7
1008,230010203031008,Block 1008,115,123,"POLYGON ((-70.214007 44.098242, -70.213958 44.098284, -70.213887 44.098358, -70.213757 44.098478, -70.213552 44.098679, -70.213418 44.09881, -70.212768 44.099474, -70.212056 44.098353, -70.211818 44.097979, -70.21269 44.097699, -70.212756 44.097674, -70.212898 44.097626, -70.213278 44.097499, -70.213559 44.09741, -70.21405 44.098216, -70.214007 44.098242))",9,73.17
1010,230010203031010,Block 1010,55,132,"POLYGON ((-70.208736 44.098971, -70.208343 44.0991, -70.207998 44.098543, -70.207675 44.098007, -70.208543 44.09772, -70.209213 44.09882, -70.208736 44.098971))",7,53.03
1011,230010203031011,Block 1011,51,110,"POLYGON ((-70.208343 44.0991, -70.207477 44.09938, -70.207328 44.099124, -70.206807 44.098286, -70.207675 44.098007, -70.207998 44.098543, -70.208343 44.0991))",1,9.09
1012,230010203031012,Block 1012,66,165,"POLYGON ((-70.207477 44.09938, -70.206617 44.099658, -70.206274 44.09912, -70.205936 44.098568, -70.206807 44.098286, -70.207328 44.099124, -70.207477 44.09938))",10,60.61
1014,230010203031014,Block 1014,47,92,"POLYGON ((-70.207675 44.098007, -70.206807 44.098286, -70.206183 44.097279, -70.206793 44.097082, -70.207063 44.096995, -70.207246 44.097307, -70.207675 44.098007))",12,130.43
1015,230010203031015,Block 1015,70,114,"POLYGON ((-70.208543 44.09772, -70.207675 44.098007, -70.207246 44.097307, -70.207063 44.096995, -70.207922 44.096721, -70.208543 44.09772))",2,17.54
1016,230010203031016,Block 1016,34,73,"POLYGON ((-70.209407 44.097444, -70.208543 44.09772, -70.207922 44.096721, -70.208792 44.096438, -70.209407 44.097444))",4,54.79
1020,230010203031020,Block 1020,86,105,"POLYGON ((-70.211818 44.097979, -70.210956 44.098259, -70.210279 44.09716, -70.211143 44.096882, -70.211818 44.097979))",5,47.62
1021,230010203031021,Block 1021,55,132,"POLYGON ((-70.21269 44.097699, -70.211818 44.097979, -70.211143 44.096882, -70.212009 44.096604, -70.21269 44.097699))",4,30.3
1023,230010203031023,Block 1023,51,89,"POLYGON ((-70.212887 44.096321, -70.212009 44.096604, -70.211806 44.096262, -70.21171 44.096117, -70.211392 44.095605, -70.212259 44.095325, -70.21271 44.096052, -70.212887 44.096321))",2,22.47
1024,230010203031024,Block 1024,10,18,"POLYGON ((-70.212009 44.096604, -70.211143 44.096882, -70.210765 44.096281, -70.210522 44.095884, -70.211392 44.095605, -70.21171 44.096117, -70.211806 44.096262, -70.212009 44.096604))",3,166.67
1025,230010203031025,Block 1025,54,72,"POLYGON ((-70.211143 44.096882, -70.210279 44.09716, -70.209658 44.09616, -70.210522 44.095884, -70.210765 44.096281, -70.211143 44.096882))",14,194.44
1000,230010204011000,Block 1000,48,150,"POLYGON ((-70.208792 44.096438, -70.207922 44.096721, -70.207908 44.096706, -70.207686 44.096362, -70.207569 44.096171, -70.20744 44.095957, -70.207295 44.095605, -70.207555 44.095509, -70.207053 44.09469, -70.206971 44.094709, -70.206873 44.094516, -70.207486 44.094322, -70.208183 44.095469, -70.208628 44.096171, -70.208792 44.096438))",6,40.0
1001,230010204011001,Block 1001,76,199,"POLYGON ((-70.209203 44.096308, -70.208792 44.096438, -70.208628 44.096171, -70.208183 44.095469, -70.207486 44.094322, -70.208004 44.094152, -70.208349 44.094044, -70.208569 44.094411, -70.209658 44.09616, -70.209203 44.096308))",16,80.4
1002,230010204011002,Block 1002,119,297,"POLYGON ((-70.209658 44.09616, -70.208569 44.094411, -70.208349 44.094044, -70.209211 44.093766, -70.210522 44.095884, -70.209658 44.09616))",20,67.34
1003,230010204011003,Block 1003,138,350,"POLYGON ((-70.210522 44.095884, -70.209211 44.093766, -70.210075 44.093485, -70.211392 44.095605, -70.210522 44.095884))",30,85.71
1004,230010204011004,Block 1004,125,371,"POLYGON ((-70.212259 44.095325, -70.211392 44.095605, -70.210075 44.093485, -70.21095 44.093212, -70.212072 44.095006, -70.212259 44.095325))",32,86.25
1005,230010204011005,Block 1005,142,455,"POLYGON ((-70.211676 44.091024, -70.211206 44.091169, -70.210808 44.091301, -70.210431 44.091417, -70.209937 44.091578, -70.21095 44.093212, -70.210075 44.093485, -70.209211 44.093766, -70.208851 44.09317, -70.208013 44.091842, -70.207944 44.091744, -70.207795 44.091586, -70.207672 44.091498, -70.207565 44.091432, -70.207611 44.091388, -70.207679 44.091359, -70.207885 44.091297, -70.208848 44.091034, -70.209246 44.090917, -70.209516 44.090844, -70.209844 44.090743, -70.210158 44.090636, -70.210382 44.090545, -70.21049 44.090489, -70.210621 44.090403, -70.210693 44.090347, -70.210849 44.090208, -70.211046 44.090008, -70.211471 44.090684, -70.211676 44.091024))",29,63.74
1006,230010204011006,Block 1006,70,168,"POLYGON ((-70.211233 44.093124, -70.21095 44.093212, -70.209937 44.091578, -70.210431 44.091417, -70.210808 44.091301, -70.21182 44.092933, -70.211233 44.093124))",16,95.24
1007,230010204011007,Block 1007,113,347,"POLYGON ((-70.212553 44.092693, -70.212268 44.092791, -70.21182 44.092933, -70.210808 44.091301, -70.211206 44.091169, -70.211676 44.091024, -70.212695 44.092648, -70.212553 44.092693))",10,28.82
1001,230010204021001,Block 1001,1,8,"POLYGON ((-70.201289 44.094497, -70.201255 44.094539, -70.201192 44.094582, -70.201091 44.094614, -70.201027 44.094623, -70.199267 44.094712, -70.199234 44.094713, -70.199246 44.09463, -70.199244 44.094498, -70.199179 44.09409, -70.199066 44.093393, -70.199016 44.093095, -70.198973 44.092752, -70.198951 44.092389, -70.198956 44.091932, -70.198972 44.091463, -70.199025 44.09091, -70.19905 44.090745, -70.199212 44.090757, -70.199412 44.090808, -70.199464 44.090829, -70.19953 44.090863, -70.199606 44.090916, -70.199711 44.091018, -70.199744 44.091064, -70.199804 44.09121, -70.199917 44.091544, -70.199952 44.091632, -70.199998 44.091719, -70.200059 44.091819, -70.2001 44.091877, -70.200168 44.091959, -70.200243 44.09204, -70.200617 44.09239, -70.200706 44.092499, -70.200811 44.092669, -70.200856 44.092768, -70.200866 44.092826, -70.200881 44.093153, -70.200903 44.093333, -70.200933 44.093463, -70.200974 44.093566, -70.201025 44.093658, -70.20107 44.093759, -70.201219 44.094076, -70.201255 44.094168, -70.201288 44.094303, -70.201305 44.094437, -70.201289 44.094497))",3,375.0
1004,230010204021004,Block 1004,54,91,"POLYGON ((-70.212262 44.088816, -70.211699 44.08937, -70.211046 44.090008, -70.210849 44.090208, -70.210693 44.090347, -70.210621 44.090403, -70.21049 44.090489, -70.210382 44.090545, -70.210158 44.090636, -70.209844 44.090743, -70.209516 44.090844, -70.209246 44.090917, -70.208848 44.091034, -70.207885 44.091297, -70.207679 44.091359, -70.207611 44.091388, -70.207565 44.091432, -70.207298 44.091305, -70.205668 44.090502, -70.203245 44.089313, -70.203791 44.088738, -70.204418 44.088068, -70.20538 44.088531, -70.205898 44.088779, -70.20633 44.088995, -70.206713 44.088598, -70.20718 44.088099, -70.207486 44.087767, -70.207656 44.087592, -70.207722 44.087524, -70.207788 44.087441, -70.207827 44.087379, -70.207872 44.087254, -70.207876 44.087194, -70.207867 44.087151, -70.20785 44.087122, -70.207793 44.087071, -70.207173 44.086805, -70.206614 44.086529, -70.206243 44.086355, -70.206087 44.086288, -70.206311 44.086047, -70.20644 44.085871, -70.207646 44.086476, -70.208186 44.086742, -70.208769 44.08703, -70.208538 44.087267, -70.20839 44.087438, -70.208372 44.087477, -70.20838 44.087499, -70.208776 44.087681, -70.209259 44.087917, -70.209302 44.087941, -70.209329 44.087947, -70.209346 44.087947, -70.209375 44.08794, -70.209538 44.087819, -70.209854 44.087565, -70.210271 44.087775, -70.210414 44.087847, -70.210652 44.08796, -70.210838 44.088053, -70.21133 44.0883, -70.211576 44.088438, -70.211931 44.088627, -70.212262 44.088816))",5,54.95
1007,230010204021007,Block 1007,21,39,"POLYGON ((-70.207656 44.087592, -70.207486 44.087767, -70.20718 44.088099, -70.206713 44.088598, -70.20633 44.088995, -70.205898 44.088779, -70.20538 44.088531, -70.205496 44.088408, -70.206507 44.087332, -70.206762 44.087053, -70.206862 44.087102, -70.207722 44.087524, -70.207656 44.087592))",2,51.28
1011,230010204021011,Block 1011,38,88,"POLYGON ((-70.211571 44.086653, -70.211564 44.086785, -70.211538 44.086882, -70.2115 44.086959, -70.211439 44.087041, -70.211321 44.087157, -70.211239 44.087214, -70.211071 44.087302, -70.210659 44.087479, -70.210432 44.087615, -70.210367 44.087666, -70.210271 44.087775, -70.209854 44.087565, -70.208769 44.08703, -70.208186 44.086742, -70.207646 44.086476, -70.207697 44.08641, -70.208 44.086108, -70.208317 44.085798, -70.208369 44.085737, -70.208397 44.0857, -70.208434 44.085613, -70.208446 44.085552, -70.208449 44.085492, -70.208434 44.085381, -70.208413 44.085307, -70.208291 44.085003, -70.208233 44.084884, -70.208336 44.084736, -70.208408 44.084681, -70.208572 44.084612, -70.208723 44.08455, -70.208794 44.084518, -70.208906 44.084503, -70.208951 44.084512, -70.209082 44.084562, -70.209205 44.08463, -70.209241 44.084664, -70.209361 44.084738, -70.209948 44.085134, -70.210167 44.085293, -70.210353 44.085451, -70.210569 44.085552, -70.210811 44.085713, -70.21098 44.085837, -70.21121 44.086045, -70.211424 44.086252, -70.211487 44.086338, -70.21154 44.086427, -70.211566 44.086529, -70.211571 44.086653))",8,90.91
2000,230010204022000,Block 2000,14,20,"POLYGON ((-70.215132 44.093203, -70.214241 44.093493, -70.214132 44.093323, -70.213555 44.092366, -70.213412 44.092131, -70.213256 44.09189, -70.212811 44.09118, -70.212544 44.090742, -70.213428 44.090457, -70.213889 44.091184, -70.214133 44.091584, -70.214452 44.092085, -70.214734 44.092565, -70.214928 44.092897, -70.215084 44.093119, -70.215132 44.093203))",2,100.0
2001,230010204022001,Block 2001,83,207,"POLYGON ((-70.213555 44.092366, -70.212695 44.092648, -70.211676 44.091024, -70.212544 44.090742, -70.212811 44.09118, -70.213256 44.09189, -70.213412 44.092131, -70.213555 44.092366))",14,67.63
2002,230010204022002,Block 2002,8,41,"POLYGON ((-70.212544 44.090742, -70.211676 44.091024, -70.211471 44.090684, -70.211046 44.090008, -70.211699 44.08937, -70.212544 44.090742))",7,170.73
2011,230010204022011,Block 2011,59,144,"POLYGON ((-70.219154 44.091097, -70.21872 44.091243, -70.218239 44.091387, -70.217805 44.090694, -70.217657 44.090468, -70.217494 44.090243, -70.217414 44.090114, -70.217369 44.090033, -70.217351 44.089995, -70.217296 44.08988, -70.21712 44.089588, -70.217162 44.08957, -70.217597 44.089428, -70.217641 44.089409, -70.217712 44.089451, -70.21805 44.089601, -70.218246 44.089694, -70.218263 44.089708, -70.218869 44.090677, -70.218938 44.090779, -70.219088 44.091033, -70.219154 44.091097))",5,34.72
2012,230010204022012,Block 2012,69,111,"POLYGON ((-70.219345 44.091038, -70.219154 44.091097, -70.219088 44.091033, -70.218938 44.090779, -70.218869 44.090677, -70.218263 44.089708, -70.218246 44.089694, -70.21805 44.089601, -70.217712 44.089451, -70.217641 44.089409, -70.21787 44.08918, -70.218001 44.089233, -70.218533 44.089494, -70.219181 44.089823, -70.219247 44.090361, -70.219272 44.090526, -70.219307 44.090874, -70.219345 44.091038))",6,54.05
1006,230010205001006,Block 1006,33,81,"POLYGON ((-70.190047 44.085124, -70.190025 44.085185, -70.189993 44.085242, -70.189925 44.085336, -70.189766 44.08551, -70.189564 44.08568, -70.189467 44.085746, -70.189367 44.085785, -70.189231 44.085811, -70.188815 44.085879, -70.188588 44.085911, -70.188399 44.085938, -70.188307 44.085942, -70.188179 44.085916, -70.187883 44.085789, -70.187314 44.085489, -70.187362 44.085434, -70.187523 44.085275, -70.187648 44.085144, -70.187819 44.084974, -70.18844 44.084321, -70.188502 44.084279, -70.188597 44.084322, -70.188865 44.084466, -70.189189 44.084629, -70.189219 44.084643, -70.189404 44.084729, -70.189496 44.084755, -70.18958 44.084773, -70.189764 44.084802, -70.189816 44.084817, -70.189861 44.084838, -70.189931 44.084885, -70.189986 44.084932, -70.190009 44.084959, -70.190032 44.084993, -70.190048 44.085042, -70.190047 44.085124))",6,74.07
2001,230010205002001,Block 2001,13,35,"POLYGON ((-70.203147 44.080188, -70.202508 44.08086, -70.202349 44.080788, -70.201882 44.080564, -70.201706 44.080468, -70.202195 44.079946, -70.202809 44.079311, -70.202951 44.079158, -70.203743 44.079548, -70.203147 44.080188))",2,57.14
2003,230010205002003,Block 2003,42,100,"POLYGON ((-70.202153 44.078769, -70.201772 44.079192, -70.201182 44.079806, -70.200302 44.080743, -70.199695 44.081373, -70.199477 44.081606, -70.199408 44.08165, -70.199376 44.081626, -70.199253 44.081559, -70.198645 44.081279, -70.198724 44.081201, -70.199155 44.080733, -70.199526 44.080346, -70.199993 44.079842, -70.200663 44.079142, -70.200876 44.078914, -70.201151 44.078633, -70.201447 44.078319, -70.202188 44.078732, -70.202153 44.078769))",6,60.0
4000,230010205004000,Block 4000,161,302,"POLYGON ((-70.203311 44.084346, -70.203129 44.084571, -70.202487 44.08525, -70.201884 44.085896, -70.200429 44.087436, -70.200208 44.087685, -70.200137 44.08778, -70.199884 44.087704, -70.199228 44.08737, -70.198317 44.086898, -70.196889 44.086161, -70.196317 44.085861, -70.19636 44.085821, -70.196519 44.085654, -70.196662 44.085518, -70.196792 44.085379, -70.197154 44.085009, -70.197256 44.084895, -70.197431 44.084721, -70.197544 44.084609, -70.197831 44.084295, -70.198463 44.083635, -70.198559 44.083529, -70.198845 44.083239, -70.198991 44.083097, -70.199166 44.082918, -70.199404 44.082647, -70.199529 44.082513, -70.199714 44.082601, -70.200496 44.082979, -70.201081 44.083263, -70.201559 44.083495, -70.202352 44.083881, -70.202448 44.083923, -70.202755 44.084062, -70.203158 44.084258, -70.203311 44.084346))",3,9.93
4001,230010205004001,Block 4001,18,31,"POLYGON ((-70.198463 44.083635, -70.197831 44.084295, -70.197544 44.084609, -70.197431 44.084721, -70.196624 44.084334, -70.19695 44.083992, -70.197131 44.08381, -70.197588 44.083331, -70.197668 44.083254, -70.197757 44.08329, -70.19812 44.083463, -70.198463 44.083635))",2,64.52
5000,230010205005000,Block 5000,32,56,"POLYGON ((-70.199246 44.09463, -70.199234 44.094713, -70.199225 44.094778, -70.199184 44.094913, -70.199134 44.095013, -70.199031 44.095171, -70.198151 44.096204, -70.196447 44.095339, -70.19677 44.094984, -70.19691 44.094851, -70.197417 44.094325, -70.197494 44.09426, -70.197456 44.094147, -70.197744 44.094084, -70.197856 44.094082, -70.198099 44.094087, -70.199026 44.094095, -70.199179 44.09409, -70.199244 44.094498, -70.199246 44.09463))",6,107.14
5001,230010205005001,Block 5001,21,43,"POLYGON ((-70.197494 44.09426, -70.197417 44.094325, -70.19691 44.094851, -70.19677 44.094984, -70.196447 44.095339, -70.195696 44.094961, -70.195839 44.094797, -70.196159 44.094462, -70.196752 44.093858, -70.197087 44.094026, -70.197178 44.094055, -70.197265 44.094092, -70.197341 44.094119, -70.197456 44.094147, -70.197494 44.09426))",3,69.77
5003,230010205005003,Block 5003,6,10,"POLYGON ((-70.194766 44.090064, -70.194747 44.090079, -70.194724 44.090086, -70.194691 44.090084, -70.194612 44.09005, -70.193638 44.089523, -70.193611 44.089503, -70.193596 44.089481, -70.193587 44.089447, -70.193595 44.08941, -70.193643 44.089341, -70.193813 44.089162, -70.194032 44.088921, -70.19419 44.088992, -70.195249 44.089369, -70.194766 44.090064))",3,300.0
1008,230010206001008,Block 1008,119,233,"POLYGON ((-70.200821 44.076572, -70.200771 44.076672, -70.20072 44.076759, -70.20061 44.076944, -70.200593 44.076968, -70.200509 44.077086, -70.200243 44.077421, -70.2001 44.077592, -70.199992 44.077724, -70.199494 44.077462, -70.199391 44.077413, -70.199255 44.07736, -70.199226 44.077359, -70.199188 44.077366, -70.199159 44.077381, -70.199078 44.07747, -70.198921 44.077657, -70.198563 44.077493, -70.198138 44.077305, -70.198329 44.077063, -70.198622 44.076708, -70.198899 44.076396, -70.198989 44.076268, -70.198999 44.07622, -70.198998 44.076204, -70.198982 44.076157, -70.198938 44.076107, -70.198454 44.075746, -70.198423 44.075733, -70.198381 44.07573, -70.198336 44.075738, -70.198309 44.075763, -70.198065 44.076043, -70.19775 44.076429, -70.197301 44.076952, -70.196836 44.076743, -70.196504 44.076599, -70.196102 44.077079, -70.195864 44.077351, -70.195694 44.077559, -70.195681 44.077592, -70.195679 44.077636, -70.195685 44.077662, -70.19575 44.07772, -70.196016 44.077911, -70.196254 44.078064, -70.196356 44.078114, -70.196486 44.078167, -70.196803 44.078313, -70.197165 44.078468, -70.197412 44.078583, -70.197956 44.078827, -70.198519 44.079076, -70.198768 44.079176, -70.19861 44.079396, -70.198408 44.079691, -70.198067 44.080225, -70.19755 44.08105, -70.197395 44.081306, -70.197344 44.081362, -70.197296 44.08146, -70.197178 44.081398, -70.195783 44.08073, -70.195355 44.080523, -70.194835 44.080284, -70.19402 44.079927, -70.193315 44.079616, -70.19308 44.079517, -70.192907 44.079437, -70.192734 44.079364, -70.192521 44.079268, -70.192452 44.079235, -70.192248 44.079152, -70.191718 44.07892, -70.191287 44.078719, -70.190939 44.078546, -70.190042 44.078127, -70.189814 44.078032, -70.190445 44.077305, -70.190576 44.07716, -70.190648 44.077097, -70.190413 44.076996, -70.189857 44.076736, -70.189597 44.07662, -70.189087 44.076382, -70.189055 44.076364, -70.188449 44.077046, -70.188281 44.077255, -70.188223 44.077334, -70.187834 44.077189, -70.187374 44.077026, -70.186773 44.076813, -70.186457 44.076691, -70.185892 44.076497, -70.18503 44.076214, -70.184797 44.076141, -70.184186 44.075933, -70.184026 44.075881, -70.183226 44.075625, -70.182713 44.075461, -70.183168 44.074657, -70.183258 44.074497, -70.186088 44.07483, -70.187335 44.074975, -70.18866 44.075083, -70.189123 44.075089, -70.190187 44.075007, -70.191376 44.074869, -70.192026 44.074772, -70.192383 44.074719, -70.19423 44.074447, -70.19495 44.074403, -70.195601 44.074391, -70.196287 44.074453, -70.196695 44.074516, -70.197112 44.07461, -70.197702 44.074766, -70.19832 44.074997, -70.198636 44.075144, -70.198756 44.0752, -70.200842 44.076524, -70.200821 44.076572), (-70.194442 44.075619, -70.19443 44.075572, -70.194421 44.07553, -70.194349 44.075373, -70.194302 44.075292, -70.194243 44.075226, -70.194195 44.075183, -70.194054 44.075096, -70.193989 44.075072, -70.193905 44.07506, -70.193838 44.07506, -70.193803 44.075066, -70.193756 44.075073, -70.193663 44.075113, -70.19361 44.075145, -70.193573 44.075184, -70.193545 44.075233, -70.193538 44.075264, -70.19354 44.07536, -70.193555 44.075492, -70.193556 44.075566, -70.19354 44.07566, -70.19352 44.075724, -70.193493 44.075784, -70.193444 44.075862, -70.193326 44.076001, -70.193089 44.076307, -70.193081 44.076349, -70.193085 44.076388, -70.193139 44.076519, -70.193317 44.076874, -70.193394 44.077, -70.193421 44.077027, -70.193492 44.077078, -70.193525 44.077097, -70.193917 44.076587, -70.194312 44.076118, -70.194347 44.076061, -70.19442 44.075899, -70.19444 44.075809, -70.194449 44.075691, -70.194442 44.075619))",8,34.33
1015,230010206001015,Block 1015,8,15,"POLYGON ((-70.197707 44.077815, -70.197372 44.078224, -70.197165 44.078468, -70.196803 44.078313, -70.196486 44.078167, -70.196356 44.078114, -70.196462 44.077968, -70.197301 44.076952, -70.198138 44.077305, -70.197707 44.077815))",4,266.67
2000,230010206002000,Block 2000,94,201,"POLYGON ((-70.186366 44.085422, -70.186226 44.085589, -70.185533 44.086375, -70.185134 44.086827, -70.184486 44.08754, -70.184273 44.087776, -70.183852 44.088248, -70.183462 44.088695, -70.182816 44.088375, -70.182487 44.088199, -70.181736 44.087816, -70.181373 44.087636, -70.181148 44.087521, -70.180293 44.087085, -70.179986 44.086924, -70.177255 44.085517, -70.176515 44.085155, -70.176318 44.085053, -70.176361 44.084997, -70.176681 44.084639, -70.17683 44.084448, -70.176887 44.084382, -70.177521 44.083698, -70.177886 44.083305, -70.178008 44.08316, -70.178106 44.082993, -70.178196 44.08284, -70.178259 44.082658, -70.178281 44.082539, -70.178286 44.082452, -70.178248 44.082063, -70.17818 44.081488, -70.177967 44.080067, -70.177927 44.07956, -70.177933 44.079337, -70.177978 44.079099, -70.178023 44.078949, -70.178112 44.078697, -70.178168 44.07858, -70.178307 44.07834, -70.178399 44.078207, -70.178589 44.077976, -70.178719 44.077851, -70.17886 44.077729, -70.179057 44.077579, -70.179175 44.077498, -70.179385 44.077369, -70.179428 44.077341, -70.17962 44.077249, -70.17991 44.077122, -70.18029 44.077008, -70.180719 44.077591, -70.180813 44.077705, -70.180933 44.077821, -70.181141 44.07798, -70.181552 44.078267, -70.181676 44.07836, -70.181894 44.078506, -70.182054 44.078612, -70.181889 44.078789, -70.181597 44.079122, -70.181465 44.079259, -70.181371 44.079369, -70.181245 44.079502, -70.180481 44.080365, -70.180018 44.080889, -70.179466 44.081587, -70.180205 44.081937, -70.180993 44.082311, -70.18147 44.082543, -70.181723 44.082674, -70.181953 44.082786, -70.182078 44.082847, -70.182167 44.082894, -70.18227 44.08294, -70.182493 44.083058, -70.182901 44.083259, -70.183573 44.083591, -70.18428 44.083951, -70.184496 44.084055, -70.18464 44.084132, -70.185036 44.084333, -70.185131 44.084381, -70.18577 44.084715, -70.186005 44.084829, -70.186135 44.084903, -70.186572 44.085122, -70.186366 44.085422))",3,14.93
2011,230010207002011,Block 2011,65,115,"POLYGON ((-70.196233 44.098609, -70.195985 44.098884, -70.195832 44.099044, -70.195764 44.099116, -70.195342 44.098902, -70.19512 44.098794, -70.194068 44.098258, -70.193367 44.097906, -70.193222 44.098035, -70.193091 44.098166, -70.192968 44.098297, -70.192899 44.098391, -70.192904 44.098417, -70.192922 44.098431, -70.19311 44.098532, -70.193426 44.098692, -70.193635 44.098805, -70.194229 44.099106, -70.194424 44.099201, -70.194831 44.099411, -70.195283 44.099631, -70.195048 44.09988, -70.194794 44.100161, -70.194659 44.100095, -70.194463 44.09999, -70.193059 44.099266, -70.192362 44.098913, -70.191406 44.098415, -70.190819 44.098114, -70.190505 44.097945, -70.190378 44.097855, -70.190866 44.097343, -70.19134 44.096846, -70.191455 44.09672, -70.191827 44.096294, -70.191981 44.096361, -70.19224 44.096499, -70.193795 44.097277, -70.194171 44.097473, -70.19565 44.098211, -70.196059 44.098426, -70.196297 44.098534, -70.196233 44.098609))",1,8.7
3005,230010207003005,Block 3005,10,29,"POLYGON ((-70.180349 44.102659, -70.180333 44.102738, -70.180127 44.103276, -70.179918 44.10379, -70.179883 44.10389, -70.179838 44.103986, -70.179792 44.1041, -70.1796 44.104532, -70.17946 44.104884, -70.179381 44.105055, -70.17929 44.105287, -70.179182 44.105543, -70.179113 44.105706, -70.178929 44.106123, -70.178831 44.10637, -70.178797 44.106418, -70.178737 44.106481, -70.178567 44.106404, -70.177011 44.10554, -70.176423 44.105221, -70.175994 44.105, -70.176117 44.104786, -70.176205 44.104605, -70.17634 44.104329, -70.176367 44.104283, -70.176436 44.104135, -70.176589 44.103806, -70.176641 44.103697, -70.17676 44.103462, -70.176868 44.103214, -70.176884 44.103109, -70.176904 44.103045, -70.177167 44.103025, -70.177483 44.102995, -70.177945 44.102945, -70.178365 44.102889, -70.179072 44.102786, -70.179927 44.102661, -70.180349 44.1026, -70.180349 44.102659))",1,34.48
4004,230010207004004,Block 4004,24,61,"POLYGON ((-70.194791 44.117992, -70.194534 44.118252, -70.194375 44.118429, -70.1943 44.118384, -70.19325 44.117844, -70.191685 44.117066, -70.191212 44.116825, -70.190287 44.116364, -70.190441 44.116191, -70.190516 44.116102, -70.190971 44.115615, -70.191118 44.115696, -70.193692 44.116977, -70.193982 44.117117, -70.194341 44.117298, -70.194641 44.11744, -70.195108 44.117671, -70.194791 44.117992))",4,65.57
1010,230010208011010,Block 1010,66,161,"POLYGON ((-70.167173 44.102425, -70.166157 44.103537, -70.166002 44.103712, -70.165477 44.104282, -70.164854 44.104977, -70.164429 44.105438, -70.16278 44.107271, -70.16242 44.107691, -70.162175 44.108031, -70.161495 44.108979, -70.161222 44.109372, -70.160879 44.109853, -70.160548 44.109673, -70.15968 44.109148, -70.159095 44.10715, -70.158833 44.106262, -70.159014 44.105939, -70.159983 44.104386, -70.159943 44.104325, -70.159317 44.103599, -70.159156 44.10261, -70.159378 44.102368, -70.159458 44.102307, -70.160064 44.102287, -70.160579 44.101414, -70.160774 44.101439, -70.161261 44.101505, -70.16162 44.101552, -70.162147 44.10162, -70.16296 44.101726, -70.163179 44.101754, -70.164121 44.101876, -70.165025 44.101995, -70.166092 44.102138, -70.166266 44.102164, -70.16732 44.102308, -70.167173 44.102425), (-70.161836 44.104993, -70.161813 44.10496, -70.161584 44.10487, -70.161026 44.104669, -70.160813 44.104974, -70.160054 44.106103, -70.159935 44.10627, -70.160313 44.106408, -70.160793 44.106575, -70.161315 44.105808, -70.161725 44.105193, -70.161832 44.105023, -70.161836 44.104993))",2,12.42
2010,230010208022010,Block 2010,224,495,"POLYGON ((-70.170356 44.082686, -70.169433 44.083741, -70.169107 44.084093, -70.167924 44.085263, -70.166737 44.086442, -70.166399 44.086796, -70.165776 44.08748, -70.165158 44.088145, -70.164599 44.088717, -70.164412 44.088933, -70.164217 44.089188, -70.164164 44.089267, -70.164136 44.089188, -70.164047 44.089154, -70.163741 44.089024, -70.162957 44.088675, -70.162778 44.088584, -70.162499 44.088448, -70.162516 44.088433, -70.162697 44.088239, -70.162714 44.088221, -70.162732 44.088199, -70.162746 44.08818, -70.162761 44.088159, -70.162773 44.08814, -70.162783 44.088121, -70.162794 44.088102, -70.162802 44.088083, -70.162813 44.088058, -70.162819 44.088042, -70.162826 44.088019, -70.162833 44.08799, -70.162914 44.087612, -70.16292 44.087585, -70.162926 44.087561, -70.162932 44.087535, -70.16294 44.087507, -70.162949 44.08748, -70.162961 44.087444, -70.162974 44.087408, -70.162987 44.087376, -70.163003 44.087337, -70.163021 44.087299, -70.163036 44.087267, -70.163048 44.087243, -70.16306 44.087221, -70.163075 44.087194, -70.163091 44.087167, -70.163109 44.087138, -70.163128 44.087108, -70.163143 44.087085, -70.163159 44.087062, -70.163182 44.087031, -70.163202 44.087004, -70.163221 44.08698, -70.163233 44.086964, -70.163253 44.086939, -70.163273 44.086917, -70.163297 44.08689, -70.163321 44.086864, -70.163779 44.086376, -70.162825 44.085911, -70.162263 44.085637, -70.16191 44.085465, -70.161876 44.085449, -70.161846 44.085434, -70.161816 44.085421, -70.161787 44.085408, -70.161755 44.085397, -70.161723 44.085387, -70.161665 44.085372, -70.161618 44.085363, -70.161579 44.085358, -70.161545 44.085355, -70.161492 44.085352, -70.161453 44.085352, -70.161396 44.085355, -70.161363 44.085359, -70.161317 44.085365, -70.161276 44.085374, -70.161234 44.085384, -70.161194 44.085396, -70.161149 44.085413, -70.161114 44.085428, -70.161081 44.085444, -70.161041 44.085467, -70.161013 44.085485, -70.160982 44.085508, -70.160946 44.085539, -70.160916 44.085569, -70.160891 44.085599, -70.160872 44.085625, -70.160857 44.08565, -70.160769 44.085805, -70.160184 44.086834, -70.159984 44.087185, -70.159933 44.087165, -70.15982 44.087127, -70.159613 44.087076, -70.159418 44.08704, -70.15935 44.087031, -70.15926 44.087018, -70.159037 44.086994, -70.158645 44.086959, -70.158227 44.086934, -70.157305 44.086845, -70.156961 44.08682, -70.156739 44.086813, -70.156513 44.086824, -70.156303 44.08685, -70.156169 44.086877, -70.156009 44.086919, -70.154957 44.087224, -70.154554 44.087335, -70.154207 44.08742, -70.153501 44.087576, -70.153052 44.08766, -70.152558 44.087729, -70.151953 44.087813, -70.151466 44.087874, -70.15064 44.08798, -70.150152 44.088028, -70.149922 44.088041, -70.149542 44.088045, -70.149344 44.088038, -70.149005 44.08802, -70.14836 44.087987, -70.146709 44.087933, -70.146519 44.087937, -70.146447 44.087942, -70.146365 44.087957, -70.146261 44.087989, -70.146072 44.088069, -70.145785 44.088214, -70.145676 44.088263, -70.145205 44.088453, -70.144891 44.088577, -70.144617 44.088675, -70.144199 44.088806, -70.142932 44.088122, -70.142212 44.087729, -70.141898 44.087548, -70.141669 44.087399, -70.141519 44.087295, -70.141204 44.087059, -70.140909 44.086866, -70.140635 44.086713, -70.140413 44.086603, -70.140142 44.086477, -70.13991 44.086379, -70.139608 44.08627, -70.139136 44.086122, -70.138129 44.08583, -70.137561 44.085677, -70.136615 44.085448, -70.136577 44.085436, -70.136045 44.085285, -70.135816 44.085211, -70.134697 44.084797, -70.133485 44.084332, -70.133116 44.08418, -70.132769 44.084024, -70.132606 44.083944, -70.132325 44.083787, -70.132088 44.083638, -70.131827 44.083447, -70.131093 44.082846, -70.13097 44.08275, -70.130748 44.082595, -70.13059 44.082491, -70.130373 44.082367, -70.1302 44.082275, -70.13004 44.082198, -70.129719 44.082079, -70.129557 44.082025, -70.129356 44.081966, -70.128657 44.081803, -70.127917 44.081642, -70.127719 44.081587, -70.127587 44.081553, -70.127403 44.081493, -70.127143 44.081386, -70.126975 44.081306, -70.12544 44.080489, -70.12436 44.079914, -70.123982 44.079707, -70.124016 44.079462, -70.124067 44.079036, -70.124151 44.078495, -70.124151 44.078428, -70.124252 44.077765, -70.124256 44.077661, -70.124269 44.077658, -70.12494 44.077348, -70.127025 44.076384, -70.128516 44.075694, -70.129462 44.075257, -70.131111 44.074505, -70.133283 44.073498, -70.133453 44.073405, -70.137463 44.071536, -70.13879 44.070922, -70.139243 44.071423, -70.139411 44.071575, -70.139489 44.071632, -70.139708 44.071765, -70.139834 44.071828, -70.140082 44.071926, -70.140227 44.071968, -70.140366 44.072003, -70.140839 44.07209, -70.141391 44.07219, -70.141534 44.07222, -70.141888 44.072293, -70.142049 44.072339, -70.142234 44.072408, -70.142662 44.072616, -70.143585 44.073086, -70.143884 44.073275, -70.144225 44.073555, -70.144333 44.07366, -70.14448 44.073824, -70.144673 44.074061, -70.144799 44.074227, -70.145708 44.075517, -70.145842 44.075686, -70.146043 44.075899, -70.146179 44.076035, -70.146246 44.076095, -70.146409 44.076225, -70.146557 44.07633, -70.146689 44.076406, -70.146863 44.076488, -70.147113 44.076581, -70.148724 44.077107, -70.150186 44.077595, -70.150727 44.077782, -70.150914 44.077842, -70.151263 44.07797, -70.151437 44.078062, -70.151698 44.078228, -70.152417 44.078674, -70.152526 44.078729, -70.152683 44.078795, -70.152771 44.078824, -70.152914 44.07886, -70.153077 44.078889, -70.153219 44.078905, -70.153383 44.078909, -70.153532 44.078899, -70.1537 44.078876, -70.154039 44.078802, -70.154446 44.078707, -70.154904 44.078612, -70.15519 44.078558, -70.155517 44.078504, -70.155954 44.078417, -70.156426 44.078336, -70.156932 44.078238, -70.157537 44.07813, -70.158732 44.0779, -70.159656 44.077734, -70.160467 44.077594, -70.160844 44.077548, -70.160979 44.077548, -70.161174 44.077567, -70.161369 44.077606, -70.16192 44.07781, -70.161998 44.077828, -70.162133 44.077837, -70.162455 44.077826, -70.162537 44.077967, -70.162655 44.078096, -70.162799 44.078233, -70.162865 44.078278, -70.163076 44.078395, -70.163709 44.078708, -70.164628 44.079168, -70.166103 44.079918, -70.166325 44.080027, -70.168758 44.081265, -70.169541 44.081671, -70.170724 44.082265, -70.170356 44.082686))",3,6.06
3001,230010208023001,Block 3001,359,950,"POLYGON ((-70.173843 44.100802, -70.173765 44.100818, -70.172973 44.10113, -70.172161 44.101439, -70.172112 44.1015, -70.172188 44.101608, -70.172496 44.101844, -70.172798 44.102101, -70.172993 44.102248, -70.173107 44.10234, -70.173182 44.102389, -70.173243 44.102415, -70.173085 44.102377, -70.173048 44.102374, -70.172798 44.102402, -70.172766 44.102413, -70.172723 44.102451, -70.17268 44.102517, -70.172532 44.103048, -70.172071 44.102983, -70.170743 44.102795, -70.168816 44.102523, -70.168364 44.102456, -70.168326 44.102453, -70.16732 44.102308, -70.167339 44.102254, -70.167361 44.102167, -70.167397 44.102065, -70.167448 44.101831, -70.167472 44.10175, -70.167537 44.101653, -70.167587 44.101642, -70.167715 44.101646, -70.167883 44.101667, -70.167923 44.101668, -70.167962 44.101659, -70.167988 44.10165, -70.168033 44.101626, -70.168114 44.101559, -70.168311 44.101355, -70.167091 44.100754, -70.167057 44.100744, -70.16696 44.100743, -70.166897 44.100747, -70.166806 44.100765, -70.16677 44.100779, -70.166652 44.100849, -70.166608 44.100905, -70.166588 44.100946, -70.166559 44.101032, -70.166392 44.101702, -70.166266 44.102164, -70.166092 44.102138, -70.165025 44.101995, -70.16504 44.1019, -70.165193 44.101329, -70.165322 44.100807, -70.165482 44.100223, -70.16553 44.100009, -70.16563 44.099644, -70.165802 44.098962, -70.166001 44.098189, -70.166051 44.097951, -70.166144 44.097968, -70.166563 44.098021, -70.167007 44.098061, -70.167014 44.098016, -70.167242 44.097052, -70.16745 44.096302, -70.166847 44.096212, -70.166635 44.096184, -70.166525 44.096179, -70.166556 44.096017, -70.166648 44.095666, -70.166686 44.095571, -70.166729 44.095506, -70.166772 44.095452, -70.167122 44.095078, -70.167268 44.094936, -70.167287 44.094923, -70.167313 44.094906, -70.167379 44.094877, -70.167425 44.094863, -70.167476 44.094854, -70.167525 44.094852, -70.167628 44.094858, -70.167686 44.094876, -70.167828 44.094949, -70.168073 44.095118, -70.168108 44.095136, -70.168169 44.095157, -70.168401 44.095206, -70.168463 44.095227, -70.168507 44.095254, -70.168554 44.095295, -70.168607 44.095373, -70.168616 44.095402, -70.168622 44.095492, -70.168611 44.095577, -70.168577 44.095745, -70.168473 44.096099, -70.168416 44.09634, -70.168382 44.096457, -70.168366 44.096543, -70.168798 44.096173, -70.169391 44.096318, -70.169422 44.096225, -70.169484 44.096006, -70.169515 44.095929, -70.169651 44.095662, -70.169908 44.095218, -70.169948 44.095169, -70.170003 44.095117, -70.170137 44.095224, -70.170468 44.095526, -70.170778 44.095824, -70.170844 44.095904, -70.171052 44.0962, -70.171213 44.096458, -70.17127 44.096535, -70.171387 44.09672, -70.171599 44.09704, -70.171709 44.097181, -70.171751 44.097229, -70.171947 44.097423, -70.17229 44.097735, -70.172494 44.097933, -70.172633 44.098082, -70.172751 44.098224, -70.172823 44.098342, -70.172869 44.098408, -70.172965 44.098586, -70.173263 44.099319, -70.17338 44.099652, -70.173571 44.100236, -70.17369 44.100563, -70.173779 44.100723, -70.173843 44.100802), (-70.169522 44.099337, -70.169034 44.099092, -70.168941 44.099039, -70.168457 44.098799, -70.168165 44.099095, -70.167576 44.099733, -70.167557 44.09977, -70.167561 44.099796, -70.167569 44.09981, -70.16759 44.09983, -70.168166 44.100114, -70.169084 44.100553, -70.169293 44.100351, -70.170013 44.099594, -70.169522 44.099337))",5,5.26
4000,230010208024000,Block 4000,312,651,"POLYGON ((-70.155709 44.096797, -70.155456 44.096917, -70.155227 44.097042, -70.155196 44.09708, -70.155194 44.097098, -70.155201 44.097129, -70.155223 44.097152, -70.155462 44.097338, -70.156061 44.097763, -70.15612 44.097801, -70.156147 44.097928, -70.155851 44.098256, -70.155729 44.098391, -70.155289 44.098912, -70.154656 44.099666, -70.154456 44.099902, -70.153879 44.100564, -70.153574 44.100539, -70.152383 44.100417, -70.151673 44.100345, -70.150746 44.100248, -70.14978 44.100147, -70.148856 44.100019, -70.148592 44.099986, -70.148298 44.099961, -70.148017 44.099949, -70.147835 44.099949, -70.14759 44.09996, -70.147468 44.09997, -70.147147 44.100019, -70.147007 44.100049, -70.146274 44.100233, -70.145718 44.100376, -70.144849 44.100599, -70.143945 44.100838, -70.143907 44.100786, -70.143888 44.100749, -70.143777 44.100592, -70.143678 44.100438, -70.143512 44.100097, -70.143221 44.10019, -70.14301 44.100252, -70.142569 44.099459, -70.142495 44.099309, -70.142491 44.099252, -70.142501 44.099216, -70.14258 44.09911, -70.142752 44.09892, -70.142865 44.098804, -70.14312 44.098519, -70.143164 44.098477, -70.143229 44.098447, -70.143287 44.098439, -70.14332 44.098442, -70.143349 44.098454, -70.1434 44.098487, -70.143477 44.098563, -70.143598 44.098698, -70.143669 44.098764, -70.143784 44.098858, -70.144 44.098995, -70.144288 44.099162, -70.144491 44.09927, -70.144714 44.099075, -70.144848 44.098947, -70.145012 44.098791, -70.144721 44.098619, -70.144639 44.098561, -70.144545 44.098509, -70.144368 44.098369, -70.144324 44.09832, -70.144282 44.098263, -70.144167 44.098073, -70.144106 44.097992, -70.143967 44.097863, -70.144216 44.09775, -70.144358 44.097681, -70.144446 44.097631, -70.1445 44.097593, -70.144555 44.097528, -70.144575 44.097492, -70.144592 44.097447, -70.144625 44.097271, -70.144672 44.096944, -70.144699 44.09666, -70.144708 44.096516, -70.144704 44.096087, -70.144719 44.095785, -70.144718 44.095729, -70.144699 44.095645, -70.144639 44.095562, -70.144594 44.095519, -70.144426 44.095402, -70.143777 44.095827, -70.143601 44.095954, -70.143545 44.096007, -70.143398 44.096164, -70.143194 44.096368, -70.143134 44.096419, -70.143061 44.096472, -70.142815 44.096628, -70.142702 44.096682, -70.142428 44.096832, -70.142017 44.097057, -70.141856 44.097144, -70.14128 44.097484, -70.141104 44.097602, -70.14092 44.097756, -70.14091 44.097769, -70.140818 44.097909, -70.140792 44.097969, -70.140783 44.098036, -70.140787 44.098092, -70.140803 44.098139, -70.140829 44.098191, -70.140868 44.098246, -70.140978 44.098379, -70.141033 44.09846, -70.141149 44.098673, -70.141295 44.098907, -70.141338 44.098997, -70.141427 44.099258, -70.141446 44.099391, -70.141497 44.099582, -70.141527 44.09965, -70.141571 44.099725, -70.141786 44.100058, -70.141891 44.100264, -70.141856 44.100469, -70.141823 44.100615, -70.141806 44.100697, -70.14179 44.100821, -70.141801 44.100895, -70.141845 44.10105, -70.14192 44.101199, -70.142005 44.101343, -70.142105 44.101383, -70.140905 44.101747, -70.139963 44.102037, -70.139331 44.102249, -70.13868 44.102485, -70.133536 44.104308, -70.131879 44.104865, -70.131593 44.104495, -70.131307 44.104143, -70.131056 44.10382, -70.130731 44.103432, -70.13032 44.102912, -70.130087 44.102628, -70.129671 44.102098, -70.129224 44.101547, -70.129019 44.101302, -70.128774 44.101567, -70.127182 44.103415, -70.126926 44.103727, -70.126877 44.103777, -70.126547 44.104082, -70.126319 44.104301, -70.126168 44.104457, -70.125971 44.104675, -70.1249 44.105928, -70.124799 44.106052, -70.124368 44.106495, -70.123986 44.106876, -70.123872 44.107011, -70.123781 44.107141, -70.12377 44.107168, -70.123761 44.107214, -70.123769 44.107321, -70.11673 44.109264, -70.116223 44.107762, -70.117694 44.102495, -70.118186 44.100735, -70.118717 44.098834, -70.121876 44.087524, -70.122678 44.084652, -70.122894 44.083884, -70.12336 44.082098, -70.123595 44.081208, -70.123637 44.081044, -70.12386 44.080349, -70.12393 44.079974, -70.123982 44.079707, -70.12436 44.079914, -70.12544 44.080489, -70.126975 44.081306, -70.127143 44.081386, -70.127403 44.081493, -70.127587 44.081553, -70.127719 44.081587, -70.127917 44.081642, -70.128657 44.081803, -70.129356 44.081966, -70.129557 44.082025, -70.129719 44.082079, -70.13004 44.082198, -70.1302 44.082275, -70.130373 44.082367, -70.13059 44.082491, -70.130748 44.082595, -70.13097 44.08275, -70.131093 44.082846, -70.131827 44.083447, -70.132088 44.083638, -70.132325 44.083787, -70.132606 44.083944, -70.132769 44.084024, -70.133116 44.08418, -70.133485 44.084332, -70.134697 44.084797, -70.135816 44.085211, -70.136045 44.085285, -70.136577 44.085436, -70.136615 44.085448, -70.137561 44.085677, -70.138129 44.08583, -70.139136 44.086122, -70.139608 44.08627, -70.13991 44.086379, -70.140142 44.086477, -70.140413 44.086603, -70.140635 44.086713, -70.140909 44.086866, -70.141204 44.087059, -70.141519 44.087295, -70.141669 44.087399, -70.141898 44.087548, -70.142212 44.087729, -70.142932 44.088122, -70.144199 44.088806, -70.144356 44.088897, -70.145324 44.089416, -70.146453 44.090033, -70.146912 44.090307, -70.147026 44.090379, -70.147358 44.090618, -70.147842 44.090993, -70.147729 44.091089, -70.147417 44.09132, -70.147261 44.091442, -70.146557 44.091971, -70.146379 44.092111, -70.146288 44.092195, -70.146216 44.092147, -70.145564 44.091833, -70.145514 44.091823, -70.145496 44.091823, -70.14546 44.091827, -70.145386 44.09186, -70.145178 44.092026, -70.145078 44.092126, -70.145008 44.092221, -70.144948 44.092336, -70.144915 44.092441, -70.144899 44.092548, -70.144878 44.092894, -70.144866 44.093052, -70.144861 44.093095, -70.144851 44.093144, -70.144834 44.093194, -70.144815 44.093239, -70.144796 44.093274, -70.144774 44.093308, -70.144749 44.093343, -70.144718 44.093379, -70.144687 44.093411, -70.144663 44.093433, -70.144634 44.093457, -70.144602 44.093481, -70.144563 44.093507, -70.144468 44.093567, -70.143754 44.09402, -70.14438 44.094536, -70.144621 44.094384, -70.144808 44.094291, -70.145007 44.094219, -70.14515 44.094181, -70.145607 44.094094, -70.145755 44.094052, -70.14598 44.093972, -70.14608 44.093917, -70.146181 44.093847, -70.146303 44.093755, -70.146355 44.093783, -70.147037 44.09426, -70.147242 44.094386, -70.147674 44.09406, -70.148098 44.093747, -70.148318 44.093572, -70.148992 44.093063, -70.149134 44.092962, -70.149289 44.09284, -70.149581 44.092627, -70.149896 44.09238, -70.149934 44.092341, -70.150697 44.092785, -70.152155 44.093633, -70.152769 44.093989, -70.153199 44.094235, -70.153665 44.094502, -70.1544 44.09493, -70.154559 44.095027, -70.154775 44.095179, -70.155048 44.095396, -70.155211 44.095547, -70.155331 44.095664, -70.156163 44.096563, -70.155709 44.096797))",4,6.14
3002,230010209003002,Block 3002,47,118,"POLYGON ((-70.208963 44.110188, -70.208799 44.11065, -70.208673 44.110962, -70.208529 44.111253, -70.208495 44.111322, -70.208354 44.111576, -70.208168 44.111963, -70.207838 44.111802, -70.207443 44.111585, -70.207242 44.111418, -70.206837 44.111126, -70.20651 44.110863, -70.206269 44.110661, -70.205903 44.110409, -70.205685 44.110302, -70.205184 44.110069, -70.204934 44.110003, -70.204706 44.10992, -70.204299 44.109771, -70.203277 44.109398, -70.203954 44.108699, -70.204269 44.108394, -70.204541 44.108504, -70.205138 44.108715, -70.205653 44.10889, -70.205819 44.108941, -70.205975 44.108994, -70.20707 44.109362, -70.20761 44.109557, -70.208616 44.109896, -70.209038 44.110023, -70.208963 44.110188))",3,25.42
3006,230010209003006,Block 3006,25,80,"POLYGON ((-70.210549 44.106997, -70.210228 44.107625, -70.209502 44.10906, -70.209146 44.108885, -70.208695 44.10865, -70.208279 44.108453, -70.208087 44.108354, -70.207563 44.10808, -70.207125 44.107865, -70.206726 44.107665, -70.207426 44.106813, -70.207279 44.10603, -70.207572 44.105566, -70.209406 44.106544, -70.209667 44.106158, -70.20988 44.106264, -70.209994 44.10632, -70.210151 44.10641, -70.210459 44.106562, -70.210718 44.106684, -70.210549 44.106997))",5,62.5
4004,230010209004004,Block 4004,281,684,"POLYGON ((-70.209394 44.116677, -70.208685 44.118166, -70.208516 44.118532, -70.20809 44.119413, -70.207744 44.120165, -70.207639 44.120353, -70.207514 44.120525, -70.207343 44.120708, -70.207099 44.120944, -70.206837 44.121188, -70.206619 44.121419, -70.207651 44.122012, -70.20808 44.12227, -70.208156 44.12232, -70.208321 44.122428, -70.208389 44.122485, -70.208426 44.122528, -70.20847 44.122616, -70.208488 44.122685, -70.20849 44.122723, -70.208467 44.122833, -70.208397 44.12298, -70.208352 44.12306, -70.208292 44.123148, -70.208147 44.1233, -70.208014 44.12342, -70.207945 44.123466, -70.207691 44.123583, -70.20729 44.123749, -70.207188 44.123799, -70.207142 44.123828, -70.207104 44.123858, -70.20706 44.123902, -70.206836 44.124164, -70.205587 44.125712, -70.205335 44.126018, -70.205195 44.126179, -70.205101 44.126249, -70.204979 44.126297, -70.204815 44.126322, -70.204438 44.126364, -70.204132 44.126443, -70.203865 44.12653, -70.203845 44.126501, -70.203799 44.126396, -70.203746 44.126226, -70.203707 44.126102, -70.203675 44.126034, -70.203604 44.125947, -70.20355 44.125904, -70.203472 44.125859, -70.203362 44.12581, -70.203237 44.125767, -70.20311 44.125731, -70.202643 44.12558, -70.201582 44.125251, -70.201255 44.125163, -70.201425 44.124556, -70.202268 44.123798, -70.203307 44.122882, -70.203916 44.122331, -70.2044 44.121901, -70.20468 44.121656, -70.204919 44.121441, -70.205283 44.12108, -70.205522 44.120835, -70.205683 44.120667, -70.205868 44.120465, -70.206065 44.120237, -70.206196 44.120073, -70.20634 44.119901, -70.206513 44.119691, -70.206644 44.119518, -70.206769 44.119351, -70.206889 44.119174, -70.207026 44.118968, -70.207152 44.118753, -70.207301 44.118503, -70.207533 44.118082, -70.207712 44.117742, -70.208483 44.116258, -70.208687 44.115888, -70.208733 44.115901, -70.208804 44.115929, -70.20889 44.11597, -70.209101 44.116083, -70.209304 44.116199, -70.209574 44.116339, -70.209394 44.116677))",8,11.7
2000,230010302002000,Block 2000,124,277,"POLYGON ((-70.067586 44.016382, -70.067529 44.016521, -70.067487 44.016662, -70.067458 44.016807, -70.067442 44.016951, -70.067426 44.017236, -70.067408 44.018095, -70.0674 44.018271, -70.067359 44.019242, -70.067349 44.019673, -70.067256 44.022054, -70.067244 44.022698, -70.067243 44.0241, -70.066825 44.024131, -70.066635 44.02415, -70.066349 44.024193, -70.065966 44.024257, -70.062604 44.024897, -70.062128 44.024997, -70.061564 44.025128, -70.060624 44.025367, -70.060332 44.025433, -70.060222 44.025451, -70.060135 44.025466, -70.059936 44.025489, -70.059735 44.025502, -70.059537 44.0255, -70.059336 44.025487, -70.059041 44.025447, -70.058461 44.025344, -70.057881 44.025233, -70.055864 44.024889, -70.054675 44.024717, -70.053702 44.024581, -70.05279 44.024441, -70.052315 44.024365, -70.050975 44.024152, -70.050609 44.024098, -70.049805 44.02398, -70.049408 44.023926, -70.049234 44.023896, -70.048834 44.023826, -70.047497 44.023563, -70.046719 44.023415, -70.046137 44.023327, -70.04379 44.02301, -70.042305 44.02279, -70.042004 44.022738, -70.041724 44.022672, -70.042182 44.021963, -70.04258 44.021386, -70.042814 44.021071, -70.043069 44.020766, -70.043277 44.020539, -70.043396 44.020409, -70.043855 44.019947, -70.0444 44.019435, -70.04476 44.019087, -70.045074 44.018759, -70.045842 44.01799, -70.046291 44.017516, -70.046508 44.017277, -70.046716 44.017036, -70.046913 44.016789, -70.04741 44.016143, -70.047864 44.015549, -70.048311 44.014982, -70.048373 44.014895, -70.048647 44.014559, -70.049426 44.013572, -70.049754 44.013159, -70.050023 44.012824, -70.050223 44.012586, -70.051182 44.011318, -70.051484 44.01093, -70.051621 44.011022, -70.051697 44.01106, -70.05203 44.011192, -70.052209 44.011252, -70.052394 44.011304, -70.052686 44.011362, -70.053631 44.011505, -70.054911 44.011685, -70.055167 44.011718, -70.055507 44.011757, -70.056475 44.011902, -70.057447 44.01204, -70.057641 44.012074, -70.057929 44.012136, -70.058119 44.01219, -70.058303 44.012257, -70.058747 44.012428, -70.059036 44.012534, -70.059739 44.012808, -70.060388 44.013101, -70.060623 44.013224, -70.060734 44.013316, -70.061659 44.014153, -70.061961 44.014432, -70.062152 44.014595, -70.062349 44.014754, -70.062565 44.014899, -70.062721 44.014983, -70.062885 44.015062, -70.063056 44.015127, -70.063239 44.015178, -70.06352 44.015227, -70.063648 44.015237, -70.064694 44.015347, -70.065495 44.015422, -70.065666 44.015458, -70.065942 44.015535, -70.066209 44.015631, -70.066632 44.015814, -70.067046 44.01601, -70.067471 44.016204, -70.067645 44.016275, -70.067586 44.016382))",3,10.83
3014,230010302003014,Block 3014,99,204,"POLYGON ((-70.055866 44.004136, -70.05574 44.004327, -70.055552 44.004627, -70.055447 44.004806, -70.055377 44.004919, -70.054914 44.005665, -70.054783 44.005859, -70.054638 44.006087, -70.053302 44.008171, -70.053139 44.008427, -70.052993 44.00868, -70.052851 44.008895, -70.052686 44.009163, -70.052149 44.010012, -70.051925 44.010342, -70.051628 44.010282, -70.050836 44.010162, -70.050449 44.010096, -70.049475 44.009954, -70.048494 44.009847, -70.048297 44.00983, -70.047909 44.009779, -70.047623 44.009727, -70.047432 44.009687, -70.046772 44.009529, -70.045826 44.009316, -70.044026 44.008919, -70.043731 44.008859, -70.043842 44.008526, -70.043883 44.008384, -70.043952 44.008174, -70.044051 44.007898, -70.044157 44.007625, -70.044283 44.007354, -70.044354 44.007222, -70.044507 44.00696, -70.044676 44.006703, -70.044755 44.006573, -70.045018 44.006187, -70.045553 44.005419, -70.045678 44.005223, -70.045795 44.005024, -70.045941 44.004761, -70.046224 44.004229, -70.046411 44.003896, -70.046719 44.003314, -70.047228 44.003486, -70.048417 44.003854, -70.049011 44.004043, -70.049378 44.004153, -70.049561 44.004213, -70.049714 44.00427, -70.049994 44.004403, -70.051217 44.002538, -70.051662 44.002665, -70.052175 44.002817, -70.052294 44.002846, -70.052518 44.002901, -70.053135 44.003087, -70.055991 44.003931, -70.055866 44.004136))",2,9.8
2027,230010415002027,Block 2027,73,167,"POLYGON ((-70.395645 44.08612, -70.395592 44.086157, -70.395516 44.086176, -70.39541 44.086222, -70.39535 44.086313, -70.395352 44.086484, -70.395322 44.086543, -70.395262 44.086589, -70.395133 44.086595, -70.395026 44.086574, -70.394981 44.086651, -70.394975 44.086732, -70.395006 44.086853, -70.3951 44.086991, -70.395177 44.087117, -70.395216 44.087224, -70.395217 44.087301, -70.395072 44.08728, -70.39495 44.087277, -70.394845 44.087341, -70.394801 44.087463, -70.39481 44.087558, -70.394872 44.087687, -70.394926 44.087768, -70.394942 44.087867, -70.39489 44.08793, -70.394746 44.088009, -70.394617 44.088028, -70.394496 44.088061, -70.394451 44.088138, -70.39449 44.088219, -70.394551 44.088281, -70.394628 44.088339, -70.394682 44.088401, -70.394683 44.088496, -70.394502 44.088637, -70.394336 44.088689, -70.394245 44.088744, -70.394231 44.088843, -70.394255 44.088951, -70.394301 44.089018, -70.394378 44.089071, -70.394424 44.089129, -70.394402 44.089192, -70.394075 44.089183, -70.393908 44.089207, -70.393787 44.089236, -70.393711 44.089295, -70.393666 44.089363, -70.393705 44.089435, -70.393851 44.089501, -70.393958 44.089571, -70.394057 44.089593, -70.394104 44.0897, -70.39406 44.089813, -70.393931 44.089905, -70.393795 44.089933, -70.393666 44.089971, -70.39359 44.090017, -70.393607 44.090156, -70.393783 44.090267, -70.39383 44.090347, -70.393816 44.090446, -70.39371 44.090497, -70.393574 44.090526, -70.393491 44.090608, -70.39356 44.090711, -70.393645 44.090782, -70.393683 44.090853, -70.393677 44.090916, -70.393578 44.090949, -70.393419 44.090969, -70.393336 44.091015, -70.393306 44.091074, -70.393352 44.091168, -70.393361 44.091235, -70.393439 44.09136, -70.393492 44.091405, -70.393561 44.091453, -70.393623 44.091525, -70.393624 44.091606, -70.393503 44.091661, -70.39335 44.091595, -70.393159 44.09153, -70.39281 44.091584, -70.392666 44.091649, -70.392622 44.091766, -70.392623 44.091879, -70.39274 44.092152, -70.392826 44.092295, -70.392842 44.092439, -70.392829 44.092606, -70.392731 44.092674, -70.392678 44.09272, -70.392687 44.092792, -70.392749 44.092868, -70.392855 44.092911, -70.392978 44.092946, -70.393008 44.092968, -70.393024 44.093035, -70.392972 44.09309, -70.392896 44.093118, -70.392798 44.093173, -70.392661 44.093175, -70.392515 44.093105, -70.392416 44.093029, -70.392309 44.093017, -70.392112 44.093069, -70.392022 44.093169, -70.391985 44.093282, -70.392009 44.093372, -70.392131 44.093429, -70.392269 44.093472, -70.392338 44.093544, -70.392339 44.093634, -70.39231 44.093733, -70.392203 44.093748, -70.392012 44.093687, -70.391883 44.093675, -70.391792 44.093708, -70.391763 44.09383, -70.39181 44.093942, -70.391789 44.094036, -70.391713 44.094123, -70.391684 44.094204, -70.391685 44.09429, -70.391754 44.094365, -70.391869 44.094387, -70.391968 44.094417, -70.391961 44.094484, -70.391871 44.094535, -70.39184 44.094544, -70.391734 44.094618, -70.391668 44.094754, -70.391579 44.094975, -70.391527 44.095079, -70.391353 44.095167, -70.391292 44.095213, -70.391194 44.095277, -70.390982 44.095356, -70.390823 44.095363, -70.390702 44.095459, -70.390643 44.095585, -70.390575 44.095672, -70.390492 44.095704, -70.390386 44.095719, -70.390257 44.095761, -70.390204 44.09582, -70.390206 44.095933, -70.39036 44.096102, -70.390369 44.096282, -70.390355 44.096413, -70.390296 44.096526, -70.390191 44.096608, -70.390092 44.096645, -70.390009 44.096719, -70.389881 44.096788, -70.389828 44.09686, -70.389845 44.096982, -70.390045 44.097204, -70.39013 44.097271, -70.390123 44.097374, -70.390025 44.097434, -70.389926 44.097449, -70.389828 44.09749, -70.389678 44.097659, -70.389617 44.097718, -70.389565 44.09775, -70.389412 44.097748, -70.389328 44.097708, -70.389312 44.097632, -70.389221 44.097606, -70.389107 44.097639, -70.389002 44.097802, -70.388943 44.097929, -70.388893 44.098218, -70.388833 44.098277, -70.388674 44.098387, -70.388622 44.098446, -70.388577 44.098519, -70.388593 44.098604, -70.388701 44.098702, -70.388755 44.098773, -70.388771 44.098863, -70.388719 44.098963, -70.388544 44.098983, -70.388438 44.099015, -70.38834 44.099057, -70.388265 44.099157, -70.388326 44.099237, -70.388464 44.099326, -70.388572 44.099419, -70.388641 44.099495, -70.388711 44.09962, -70.388804 44.099745, -70.388965 44.099833, -70.389049 44.099922, -70.389127 44.100056, -70.389121 44.100191, -70.389023 44.100332, -70.388963 44.100405, -70.388987 44.10049, -70.389042 44.100597, -70.389134 44.10065, -70.389248 44.100667, -70.389392 44.100624, -70.389498 44.10061, -70.389606 44.100649, -70.389637 44.100738, -70.38961 44.101049, -70.389619 44.101207, -70.389682 44.101332, -70.389812 44.101385, -70.390002 44.101409, -70.390277 44.1015, -70.390452 44.101534, -70.390575 44.101591, -70.390652 44.101685, -70.390699 44.101815, -70.390724 44.102017, -70.390772 44.10226, -70.390811 44.102313, -70.390858 44.102358, -70.390926 44.102393, -70.391063 44.102409, -70.39117 44.102408, -70.391329 44.10237, -70.391428 44.102342, -70.391565 44.102331, -70.391702 44.102347, -70.391916 44.102444, -70.391947 44.10252, -70.391933 44.102651, -70.391988 44.102776, -70.392103 44.102847, -70.392373 44.102993, -70.392439 44.103106, -70.392206 44.103184, -70.391824 44.103591, -70.391217 44.103937, -70.391149 44.104174, -70.39117 44.104205, -70.391083 44.10423, -70.390956 44.104266, -70.390858 44.10432, -70.390762 44.104395, -70.390632 44.104507, -70.390507 44.104622, -70.390335 44.104795, -70.390148 44.105002, -70.389933 44.105267, -70.38973 44.10556, -70.389687 44.105713, -70.389638 44.105848, -70.389385 44.105738, -70.388998 44.105922, -70.388494 44.106143, -70.387979 44.106358, -70.386845 44.106815, -70.386388 44.107004, -70.386142 44.107098, -70.385907 44.106665, -70.385842 44.106561, -70.385638 44.106219, -70.385362 44.105678, -70.385137 44.105205, -70.384942 44.104839, -70.384737 44.104418, -70.384549 44.104016, -70.385385 44.103815, -70.385477 44.103782, -70.385561 44.103738, -70.385602 44.103673, -70.385605 44.103605, -70.385519 44.103408, -70.385225 44.102806, -70.385131 44.102602, -70.385082 44.102539, -70.385026 44.102481, -70.38496 44.102428, -70.384869 44.102395, -70.384771 44.102386, -70.384674 44.102396, -70.384579 44.102416, -70.383806 44.102623, -70.383706 44.102429, -70.382883 44.100985, -70.382728 44.100742, -70.382321 44.10007, -70.382189 44.099832, -70.382397 44.099818, -70.382508 44.099819, -70.382617 44.099773, -70.382622 44.099685, -70.382524 44.099526, -70.382813 44.099429, -70.384628 44.098859, -70.385128 44.098685, -70.384803 44.098051, -70.384685 44.097858, -70.384546 44.097583, -70.384466 44.097435, -70.384382 44.097265, -70.384303 44.097134, -70.384136 44.096823, -70.382478 44.097357, -70.382023 44.097492, -70.381943 44.09751, -70.381874 44.097576, -70.381866 44.097645, -70.381891 44.097707, -70.382159 44.098158, -70.382381 44.098557, -70.382498 44.098793, -70.382208 44.098887, -70.381746 44.099037, -70.381501 44.098575, -70.381263 44.098165, -70.381076 44.097832, -70.380047 44.09605, -70.379488 44.095056, -70.378793 44.093871, -70.378107 44.092675, -70.37787 44.092282, -70.377743 44.09209, -70.377609 44.091903, -70.377257 44.091445, -70.37711 44.091249, -70.376394 44.090361, -70.375802 44.089613, -70.374614 44.088154, -70.374691 44.088094, -70.376774 44.085953, -70.377862 44.085853, -70.381408 44.085506, -70.381789 44.08547, -70.388435 44.084844, -70.395491 44.084199, -70.395539 44.084227, -70.395593 44.08432, -70.395587 44.08442, -70.395565 44.084487, -70.395497 44.084538, -70.395383 44.084535, -70.395141 44.084619, -70.395118 44.084691, -70.395127 44.084763, -70.395166 44.084843, -70.395152 44.084938, -70.395107 44.085056, -70.39507 44.085133, -70.395003 44.085219, -70.394981 44.085323, -70.39502 44.08539, -70.395111 44.085407, -70.39524 44.085378, -70.395323 44.085328, -70.395376 44.085286, -70.39546 44.085285, -70.395544 44.085343, -70.395545 44.085419, -70.395485 44.085492, -70.395425 44.085551, -70.395381 44.085651, -70.39539 44.085781, -70.395444 44.085871, -70.395536 44.085924, -70.395582 44.085959, -70.395636 44.086026, -70.395645 44.08612))",3,17.96
5017,230010415005017,Block 5017,115,288,"POLYGON ((-70.408319 44.137173, -70.401809 44.143657, -70.401619 44.143375, -70.401474 44.143094, -70.401368 44.142874, -70.401352 44.142748, -70.401353 44.142604, -70.401452 44.142329, -70.401498 44.14218, -70.401459 44.142036, -70.401353 44.141916, -70.401079 44.141761, -70.40066 44.141596, -70.400294 44.141415, -70.40002 44.141216, -70.399761 44.140999, -70.399578 44.140866, -70.399342 44.140774, -70.399128 44.140728, -70.399037 44.14072, -70.398527 44.140639, -70.398306 44.140562, -70.398115 44.140456, -70.397887 44.140257, -70.39775 44.140006, -70.39762 44.139715, -70.39759 44.139594, -70.397514 44.139487, -70.397483 44.139456, -70.397316 44.1393, -70.39708 44.139033, -70.397225 44.138982, -70.397468 44.138866, -70.398002 44.138418, -70.398375 44.138409, -70.398726 44.138302, -70.399016 44.138321, -70.399183 44.138291, -70.399778 44.137996, -70.400014 44.137818, -70.400053 44.137745, -70.400052 44.137444, -70.400007 44.137296, -70.399839 44.137037, -70.399649 44.136899, -70.399497 44.136856, -70.398788 44.136761, -70.398621 44.136687, -70.39846 44.136513, -70.398377 44.136334, -70.398354 44.135997, -70.398316 44.135835, -70.398225 44.135715, -70.39805 44.135555, -70.397897 44.135485, -70.397684 44.135415, -70.39709 44.135445, -70.396808 44.135377, -70.396465 44.135228, -70.396282 44.135014, -70.396237 44.134816, -70.396252 44.13469, -70.396572 44.134362, -70.396885 44.134228, -70.397365 44.134109, -70.397708 44.133979, -70.398074 44.133763, -70.398242 44.133549, -70.398272 44.133418, -70.398272 44.133216, -70.398211 44.133068, -70.39812 44.132939, -70.397884 44.132793, -70.39764 44.132733, -70.397435 44.132726, -70.397221 44.132752, -70.396947 44.132822, -70.396497 44.133021, -70.396322 44.133055, -70.396185 44.133016, -70.395606 44.132641, -70.395301 44.132595, -70.395217 44.132627, -70.395034 44.132765, -70.394958 44.132919, -70.395042 44.133071, -70.395285 44.133279, -70.395339 44.133364, -70.395339 44.133459, -70.395156 44.133506, -70.394721 44.133394, -70.394539 44.133297, -70.394424 44.133209, -70.394386 44.133092, -70.394341 44.13271, -70.394242 44.132536, -70.393938 44.132247, -70.393473 44.131924, -70.393443 44.131861, -70.393443 44.131776, -70.39377 44.131578, -70.393862 44.131451, -70.393908 44.131365, -70.393923 44.131167, -70.393893 44.131086, -70.393702 44.130926, -70.393489 44.130861, -70.393123 44.130888, -70.392712 44.130614, -70.392735 44.130533, -70.393124 44.129957, -70.393132 44.129808, -70.393086 44.12975, -70.392888 44.129626, -70.392522 44.129586, -70.392134 44.129617, -70.392004 44.129543, -70.391905 44.129395, -70.391868 44.12904, -70.391784 44.128748, -70.391708 44.128668, -70.391343 44.128452, -70.391137 44.128257, -70.391068 44.128118, -70.391018 44.127807, -70.390985 44.127601, -70.390878 44.127332, -70.390711 44.127123, -70.389881 44.12648, -70.389524 44.126125, -70.389401 44.125883, -70.389349 44.125483, -70.389196 44.12507, -70.389185 44.12499, -70.389078 44.124928, -70.388925 44.124885, -70.388826 44.124828, -70.388726 44.12473, -70.388648 44.124632, -70.388632 44.124551, -70.388693 44.124519, -70.388676 44.124424, -70.388383 44.124068, -70.38813 44.123949, -70.387819 44.123957, -70.387697 44.123945, -70.387407 44.123868, -70.386975 44.123809, -70.38804 44.121536, -70.388097 44.121399, -70.388197 44.121184, -70.388369 44.120847, -70.388483 44.120649, -70.388616 44.120455, -70.388773 44.120269, -70.388956 44.120098, -70.389365 44.119794, -70.389592 44.11965, -70.390319 44.11916, -70.390662 44.118902, -70.390921 44.11869, -70.391103 44.118522, -70.391273 44.11834, -70.391476 44.118094, -70.391906 44.117524, -70.392099 44.117256, -70.39222 44.117105, -70.392343 44.11693, -70.392477 44.116751, -70.392622 44.11657, -70.392958 44.116075, -70.393048 44.115888, -70.393107 44.115729, -70.393127 44.115654, -70.393155 44.115509, -70.393162 44.115436, -70.393166 44.115146, -70.393119 44.114911, -70.393345 44.114845, -70.393424 44.114809, -70.393495 44.114766, -70.393552 44.114713, -70.393603 44.114657, -70.393691 44.114537, -70.393755 44.114411, -70.393808 44.114278, -70.393853 44.114092, -70.393947 44.113604, -70.393999 44.11336, -70.39421 44.11346, -70.394565 44.11365, -70.395375 44.114094, -70.396161 44.114535, -70.39648 44.114708, -70.398291 44.115698, -70.399091 44.116141, -70.399402 44.116287, -70.399496 44.116405, -70.399513 44.116427, -70.39973 44.116736, -70.400585 44.118011, -70.400811 44.118329, -70.401468 44.119286, -70.401696 44.119601, -70.402176 44.120224, -70.402422 44.120536, -70.403254 44.121684, -70.403374 44.121883, -70.40347 44.122084, -70.403542 44.122291, -70.403597 44.122503, -70.403639 44.122716, -70.403662 44.122933, -70.403662 44.12315, -70.403628 44.123362, -70.403574 44.123577, -70.403521 44.123786, -70.403344 44.124415, -70.40331 44.124626, -70.403291 44.124838, -70.403291 44.124849, -70.403283 44.125053, -70.403285 44.125481, -70.403294 44.125694, -70.403329 44.125905, -70.403371 44.126043, -70.403431 44.126179, -70.403587 44.126442, -70.403751 44.126702, -70.403904 44.126966, -70.404006 44.127165, -70.404141 44.127429, -70.404285 44.127769, -70.404686 44.128803, -70.404961 44.129491, -70.405408 44.130511, -70.405701 44.131198, -70.40601 44.131882, -70.406171 44.132222, -70.40632 44.132564, -70.40658 44.133251, -70.406717 44.133595, -70.406843 44.13394, -70.40725 44.134972, -70.407379 44.135315, -70.407664 44.136009, -70.407902 44.136554, -70.408004 44.136758, -70.408079 44.136886, -70.408235 44.137091, -70.408319 44.137173))",4,13.89
1005,230010465001005,Block 1005,58,135,"POLYGON ((-70.09064 44.110845, -70.090476 44.111021, -70.090382 44.111112, -70.090354 44.111139, -70.089587 44.111814, -70.089216 44.11214, -70.08891 44.112434, -70.088497 44.112832, -70.087768 44.11351, -70.087239 44.114032, -70.087135 44.114156, -70.087047 44.114285, -70.086928 44.114484, -70.086858 44.114619, -70.086795 44.114757, -70.086768 44.114827, -70.086704 44.115036, -70.086669 44.115202, -70.086637 44.115406, -70.086623 44.115592, -70.086618 44.115737, -70.086623 44.115953, -70.086644 44.116097, -70.086683 44.116239, -70.08674 44.116379, -70.086815 44.116515, -70.086905 44.116645, -70.087215 44.117012, -70.087306 44.117137, -70.087374 44.117266, -70.087392 44.117334, -70.0874 44.117471, -70.087376 44.117607, -70.087331 44.117744, -70.087274 44.117879, -70.08686 44.118683, -70.086641 44.11908, -70.086507 44.119351, -70.086451 44.119491, -70.086293 44.11998, -70.086232 44.12019, -70.086143 44.120544, -70.086073 44.120952, -70.085603 44.121065, -70.084485 44.121366, -70.08226 44.121974, -70.08171 44.122112, -70.081447 44.122182, -70.081127 44.122276, -70.080934 44.122327, -70.080746 44.122385, -70.080108 44.122599, -70.079929 44.122665, -70.079314 44.122906, -70.079196 44.122955, -70.079141 44.122978, -70.078545 44.123245, -70.077574 44.123747, -70.076825 44.12419, -70.076653 44.124292, -70.0762 44.124566, -70.07535 44.125068, -70.075008 44.124932, -70.073841 44.124534, -70.072772 44.124159, -70.072583 44.124116, -70.07239 44.124081, -70.07207 44.124033, -70.071708 44.123978, -70.071316 44.123934, -70.070923 44.123901, -70.070328 44.123863, -70.069234 44.123817, -70.069169 44.123813, -70.069027 44.123803, -70.06877 44.123773, -70.068572 44.123755, -70.0673 44.123572, -70.066815 44.123502, -70.066258 44.123415, -70.065078 44.123214, -70.064059 44.123028, -70.064102 44.122908, -70.064242 44.122681, -70.064344 44.1225, -70.064332 44.122275, -70.064185 44.121921, -70.06404 44.12145, -70.064027 44.121324, -70.064081 44.121247, -70.064149 44.121269, -70.06424 44.121313, -70.064386 44.121266, -70.064439 44.12123, -70.064334 44.121145, -70.064329 44.120952, -70.064316 44.120853, -70.064149 44.120778, -70.063951 44.120807, -70.063891 44.120726, -70.063925 44.12051, -70.063974 44.120284, -70.063999 44.120118, -70.064108 44.119972, -70.064216 44.119872, -70.064438 44.119798, -70.06463 44.119684, -70.0647 44.119544, -70.064786 44.119462, -70.064932 44.119348, -70.064948 44.119289, -70.064865 44.119227, -70.064775 44.119147, -70.064731 44.119039, -70.064733 44.1189, -70.064806 44.118787, -70.064897 44.118646, -70.064936 44.118578, -70.06512 44.1185, -70.065265 44.118449, -70.065404 44.118376, -70.065442 44.118321, -70.065375 44.118236, -70.065255 44.118134, -70.065188 44.11804, -70.065181 44.117977, -70.065527 44.117785, -70.065696 44.117684, -70.06572 44.117603, -70.065683 44.117509, -70.065676 44.11745, -70.065829 44.117458, -70.066012 44.117429, -70.066081 44.117388, -70.066044 44.117321, -70.066014 44.117249, -70.066297 44.11722, -70.066381 44.117187, -70.066412 44.117146, -70.066352 44.11707, -70.066271 44.116887, -70.066359 44.116616, -70.066446 44.11643, -70.066806 44.116229, -70.066777 44.116153, -70.066763 44.116076, -70.066795 44.116013, -70.067153 44.115956, -70.067291 44.115941, -70.06733 44.115877, -70.067323 44.115814, -70.067446 44.115741, -70.067538 44.115695, -70.067648 44.115469, -70.067688 44.115325, -70.06769 44.11519, -70.067904 44.115174, -70.068063 44.115195, -70.068163 44.115163, -70.068202 44.115077, -70.068128 44.114943, -70.068076 44.114867, -70.068214 44.114807, -70.068404 44.114791, -70.068694 44.114802, -70.068877 44.114787, -70.069168 44.114694, -70.069337 44.114531, -70.0694 44.114404, -70.069432 44.114318, -70.069387 44.114265, -70.069289 44.114229, -70.069267 44.11414, -70.069496 44.114083, -70.069475 44.113985, -70.069294 44.113905, -70.069279 44.113865, -70.069341 44.113779, -70.069481 44.113633, -70.069535 44.113565, -70.069537 44.113435, -70.069965 44.113278, -70.070042 44.113237, -70.070097 44.113173, -70.070031 44.112971, -70.069903 44.112864, -70.069745 44.11278, -70.069685 44.1127, -70.06974 44.112582, -70.069826 44.112424, -70.069827 44.112388, -70.06966 44.112317, -70.069608 44.112223, -70.069625 44.112138, -70.070021 44.11208, -70.070053 44.112035, -70.069947 44.111968, -70.069857 44.111901, -70.069843 44.111807, -70.069859 44.111766, -70.070149 44.111723, -70.070371 44.111604, -70.070457 44.111482, -70.070506 44.111283, -70.070494 44.111067, -70.070754 44.110997, -70.070823 44.110969, -70.070816 44.110911, -70.070284 44.110803, -70.070232 44.110745, -70.07034 44.110623, -70.070448 44.110572, -70.070442 44.110473, -70.070466 44.110374, -70.070642 44.110336, -70.070856 44.110226, -70.071012 44.109973, -70.071053 44.109846, -70.071274 44.109799, -70.071442 44.109739, -70.071322 44.10965, -70.071224 44.109561, -70.071142 44.109431, -70.07112 44.109382, -70.071366 44.109231, -70.071375 44.109155, -70.071348 44.108961, -70.071333 44.108889, -70.071456 44.108812, -70.071593 44.108837, -70.071683 44.108918, -70.071782 44.108953, -70.071813 44.108921, -70.07193 44.108735, -70.072045 44.108658, -70.07222 44.108665, -70.072233 44.108795, -70.07227 44.108885, -70.072414 44.108942, -70.072559 44.108887, -70.072697 44.108823, -70.072834 44.108839, -70.072817 44.108966, -70.072846 44.109064, -70.072946 44.109032, -70.073252 44.108916, -70.07345 44.108874, -70.073482 44.108829, -70.073346 44.108713, -70.073302 44.108623, -70.073341 44.108528, -70.073464 44.108496, -70.073855 44.108317, -70.07403 44.108283, -70.074228 44.108331, -70.074348 44.108397, -70.074424 44.108415, -70.074501 44.108382, -70.074502 44.108292, -70.074459 44.10814, -70.074414 44.108082, -70.074355 44.107965, -70.074356 44.10788, -70.074479 44.107802, -70.074791 44.107786, -70.074868 44.107771, -70.074961 44.107649, -70.075319 44.107614, -70.075314 44.107465, -70.075253 44.107448, -70.075117 44.107418, -70.075126 44.107296, -70.07512 44.107197, -70.074991 44.107167, -70.074894 44.107064, -70.074803 44.106984, -70.074439 44.106927, -70.075089 44.106618, -70.075383 44.106463, -70.076073 44.106794, -70.07623 44.106865, -70.076403 44.106943, -70.076752 44.107082, -70.0771 44.107213, -70.077256 44.107265, -70.077586 44.1073, -70.077687 44.107314, -70.077889 44.107335, -70.078294 44.107348, -70.078696 44.107342, -70.078895 44.107335, -70.079588 44.10729, -70.079856 44.107269, -70.080177 44.107243, -70.080474 44.107213, -70.080865 44.107192, -70.081116 44.107173, -70.082334 44.107081, -70.08352 44.106976, -70.08489 44.106829, -70.085084 44.106814, -70.085366 44.106811, -70.085633 44.106827, -70.085853 44.106875, -70.086149 44.10696, -70.087198 44.107371, -70.08823 44.107799, -70.088398 44.107874, -70.088657 44.107979, -70.088929 44.108051, -70.089042 44.108056, -70.089123 44.108196, -70.089376 44.108674, -70.089406 44.108742, -70.089835 44.109548, -70.090144 44.110153, -70.090349 44.110479, -70.090442 44.110605, -70.090497 44.110688, -70.090572 44.110779, -70.09064 44.110845))",2,14.81
1026,230010465001026,Block 1026,64,140,"POLYGON ((-70.110588 44.081869, -70.110506 44.082266, -70.110392 44.082578, -70.110232 44.082755, -70.110035 44.082815, -70.109677 44.082859, -70.108558 44.083068, -70.108117 44.083091, -70.10779 44.083166, -70.107455 44.083268, -70.107249 44.083266, -70.106937 44.083192, -70.106609 44.082916, -70.106464 44.082575, -70.106448 44.082324, -70.106463 44.08204, -70.106439 44.081752, -70.106363 44.081483, -70.106225 44.081169, -70.105973 44.080757, -70.105866 44.080637, -70.105683 44.080584, -70.10525 44.080516, -70.105006 44.080505, -70.104679 44.080567, -70.103964 44.080885, -70.103036 44.081173, -70.10283 44.081278, -70.102641 44.081442, -70.102473 44.081633, -70.102415 44.081652, -70.102324 44.081644, -70.102198 44.081614, -70.102034 44.081618, -70.10199 44.081664, -70.102005 44.081706, -70.102127 44.081748, -70.102219 44.081788, -70.102291 44.081878, -70.102312 44.081921, -70.102262 44.082034, -70.101904 44.082507, -70.101889 44.082629, -70.101966 44.082808, -70.102209 44.083022, -70.102575 44.083117, -70.103039 44.083162, -70.103184 44.083215, -70.103413 44.083438, -70.103627 44.083724, -70.103734 44.08388, -70.103726 44.083993, -70.103559 44.084166, -70.103262 44.084259, -70.102905 44.084447, -70.102593 44.084679, -70.102129 44.084814, -70.101437 44.084942, -70.101102 44.084937, -70.100873 44.084961, -70.100607 44.085067, -70.100524 44.085149, -70.100448 44.085321, -70.100433 44.085776, -70.100283 44.08679, -70.100207 44.086994, -70.100048 44.087207, -70.099881 44.087388, -70.099729 44.087615, -70.099585 44.087945, -70.099456 44.088104, -70.09935 44.088325, -70.099396 44.088509, -70.099502 44.088751, -70.099594 44.08903, -70.099641 44.08925, -70.099557 44.089471, -70.09942 44.089608, -70.099185 44.089907, -70.099201 44.090055, -70.099231 44.090073, -70.098939 44.09022, -70.098728 44.090118, -70.098471 44.089977, -70.098242 44.090033, -70.09808 44.090125, -70.097964 44.090306, -70.097857 44.090352, -70.097652 44.090309, -70.097501 44.090184, -70.09745 44.090054, -70.097431 44.089802, -70.097372 44.089681, -70.097243 44.08961, -70.097137 44.089594, -70.096831 44.089655, -70.096609 44.089819, -70.096531 44.08995, -70.09656 44.090031, -70.096611 44.09022, -70.096715 44.090385, -70.09682 44.090501, -70.096833 44.090618, -70.096748 44.090669, -70.096612 44.090656, -70.096415 44.090582, -70.096225 44.090548, -70.096003 44.090631, -70.095254 44.090872, -70.095207 44.090936, -70.095312 44.091034, -70.09553 44.091207, -70.09562 44.091346, -70.095618 44.091449, -70.095585 44.091625, -70.095637 44.091751, -70.095811 44.091763, -70.095757 44.091862, -70.095694 44.091962, -70.095997 44.092116, -70.096033 44.092215, -70.095971 44.092297, -70.095819 44.092339, -70.095566 44.092449, -70.095479 44.092621, -70.095469 44.092806, -70.095551 44.092926, -70.095701 44.09306, -70.095766 44.093235, -70.095842 44.093374, -70.095857 44.093468, -70.095827 44.093532, -70.095485 44.093643, -70.095157 44.093714, -70.094822 44.093793, -70.09467 44.093876, -70.094701 44.093947, -70.094739 44.094064, -70.094655 44.09415, -70.094595 44.094331, -70.094623 44.094367, -70.094662 44.094371, -70.094859 44.094468, -70.094918 44.094558, -70.094885 44.09472, -70.094801 44.094797, -70.09451 44.094904, -70.094227 44.094987, -70.093919 44.095247, -70.093496 44.095494, -70.093342 44.095667, -70.092984 44.096161, -70.092951 44.096368, -70.092996 44.096477, -70.091906 44.097225, -70.091814 44.097287, -70.091254 44.097665, -70.090606 44.09811, -70.089079 44.099149, -70.088309 44.099677, -70.087726 44.100059, -70.087128 44.100431, -70.085909 44.101116, -70.085741 44.100677, -70.085688 44.100533, -70.085546 44.100142, -70.08549 44.099976, -70.085414 44.099748, -70.08538 44.099647, -70.08524 44.09917, -70.085148 44.098887, -70.084925 44.098304, -70.08443 44.097071, -70.083801 44.095416, -70.083513 44.094579, -70.083404 44.094277, -70.083254 44.093845, -70.083102 44.09343, -70.082955 44.093003, -70.082808 44.0926, -70.082708 44.092345, -70.082032 44.090414, -70.081689 44.08947, -70.081578 44.089136, -70.08133 44.0883, -70.081103 44.087455, -70.080994 44.086959, -70.080956 44.08682, -70.080905 44.086684, -70.080874 44.086617, -70.080799 44.086486, -70.080714 44.086359, -70.080482 44.086039, -70.080165 44.085602, -70.079651 44.084826, -70.079464 44.084491, -70.079404 44.084349, -70.079357 44.084202, -70.079339 44.084127, -70.079311 44.083604, -70.0793 44.083105, -70.079303 44.082726, -70.079301 44.082607, -70.079297 44.082211, -70.0793 44.081813, -70.079322 44.080887, -70.079326 44.080713, -70.079331 44.080301, -70.079326 44.079721, -70.07932 44.07932, -70.079329 44.078825, -70.079347 44.078395, -70.079357 44.077966, -70.079387 44.077105, -70.079422 44.076676, -70.079461 44.076389, -70.079554 44.075892, -70.079645 44.075466, -70.079729 44.075183, -70.079856 44.074834, -70.079981 44.074559, -70.080053 44.074424, -70.080133 44.074292, -70.080355 44.07397, -70.080913 44.073204, -70.081475 44.072445, -70.082023 44.071674, -70.082191 44.071411, -70.082393 44.071445, -70.082602 44.071473, -70.082893 44.071518, -70.083381 44.071586, -70.083867 44.07166, -70.085289 44.071892, -70.085029 44.07281, -70.085004 44.072878, -70.085027 44.072946, -70.085103 44.072995, -70.085195 44.073018, -70.086837 44.073282, -70.087804 44.073444, -70.088291 44.073518, -70.089046 44.073643, -70.089367 44.072505, -70.091268 44.072741, -70.091829 44.072803, -70.092989 44.072947, -70.094753 44.073182, -70.095932 44.073326, -70.097113 44.073482, -70.097499 44.073551, -70.097788 44.073613, -70.097977 44.073661, -70.098252 44.073746, -70.098432 44.073811, -70.098944 44.074041, -70.099033 44.074075, -70.09954 44.074301, -70.099797 44.074406, -70.100056 44.074512, -70.100239 44.074566, -70.10052 44.07463, -70.100616 44.074647, -70.100809 44.074673, -70.101004 44.074691, -70.101501 44.074722, -70.102093 44.074749, -70.102689 44.074771, -70.103528 44.074815, -70.103968 44.074838, -70.104273 44.07485, -70.104287 44.074917, -70.104257 44.07498, -70.103922 44.075073, -70.103793 44.075142, -70.103474 44.075645, -70.102836 44.076259, -70.102738 44.076606, -70.102578 44.076752, -70.10248 44.077059, -70.102199 44.077606, -70.102162 44.077899, -70.102284 44.078155, -70.102467 44.078356, -70.102688 44.078506, -70.103016 44.078625, -70.103602 44.078727, -70.104272 44.078878, -70.104851 44.078985, -70.105307 44.078976, -70.10581 44.079075, -70.106092 44.079189, -70.106671 44.079517, -70.10792 44.079977, -70.108332 44.080203, -70.109276 44.080428, -70.109649 44.080546, -70.10987 44.080674, -70.110221 44.081017, -70.110557 44.081635, -70.110588 44.081869))",1,7.14
2000,230010465002000,Block 2000,33,92,"POLYGON ((-70.030857 44.162214, -70.03064 44.162435, -70.029323 44.163851, -70.029149 44.164027, -70.028966 44.164202, -70.028706 44.164431, -70.02843 44.164644, -70.028252 44.164767, -70.027992 44.164933, -70.027766 44.165069, -70.02753 44.165198, -70.027289 44.16532, -70.027038 44.165434, -70.026782 44.165539, -70.026518 44.165638, -70.026063 44.165789, -70.025599 44.165932, -70.022378 44.166872, -70.020446 44.167443, -70.020273 44.167485, -70.02014 44.167517, -70.019736 44.167645, -70.017951 44.168184, -70.015116 44.169088, -70.014678 44.169228, -70.014309 44.169339, -70.013856 44.169482, -70.013406 44.169633, -70.01249 44.169919, -70.011308 44.170307, -70.010948 44.170434, -70.010594 44.170569, -70.010246 44.170712, -70.009906 44.170862, -70.009569 44.171016, -70.009239 44.171177, -70.008911 44.171349, -70.008597 44.171524, -70.008287 44.171703, -70.007912 44.171932, -70.007372 44.172271, -70.007161 44.172403, -70.006022 44.173108, -70.005277 44.173583, -70.002825 44.175117, -70.002395 44.17538, -70.002108 44.175562, -70.001751 44.175798, -70.001 44.176259, -69.999879 44.176965, -69.998554 44.17781, -69.994447 44.180396, -69.994091 44.180649, -69.993792 44.180594, -69.994172 44.179545, -69.995482 44.175934, -69.997687 44.169937, -69.998796 44.166834, -69.999496 44.167058, -70.000131 44.167178, -70.010329 44.168651, -70.010546 44.16791, -70.013954 44.157581, -70.01669 44.157743, -70.017175 44.158691, -70.017512 44.159043, -70.017856 44.159489, -70.018599 44.159782, -70.021087 44.160192, -70.021842 44.160321, -70.022134 44.16037, -70.022607 44.160462, -70.023091 44.160538, -70.024061 44.160657, -70.024527 44.160748, -70.024909 44.160828, -70.024998 44.160854, -70.025193 44.160882, -70.02549 44.160916, -70.025789 44.160942, -70.026661 44.16107, -70.027039 44.161144, -70.02724 44.161166, -70.027633 44.161197, -70.027931 44.161237, -70.028144 44.161243, -70.029045 44.161271, -70.029141 44.16128, -70.029231 44.161296, -70.029401 44.161356, -70.029609 44.161461, -70.029799 44.161554, -70.030996 44.162061, -70.030857 44.162214))",3,32.61
5002,230010465005002,Block 5002,6,14,"POLYGON ((-70.03271 44.120199, -70.032429 44.120205, -70.032362 44.120106, -70.03225 44.119995, -70.032152 44.119942, -70.031992 44.119889, -70.031871 44.119886, -70.03171 44.119941, -70.031404 44.120002, -70.031237 44.119977, -70.031033 44.119871, -70.030919 44.119863, -70.030784 44.119738, -70.030466 44.11961, -70.030351 44.119647, -70.030358 44.119724, -70.030356 44.119809, -70.03028 44.119832, -70.030166 44.119797, -70.03003 44.11974, -70.029746 44.119891, -70.029536 44.120154, -70.029428 44.120236, -70.029131 44.120257, -70.028986 44.120249, -70.028877 44.120403, -70.028632 44.120482, -70.028311 44.120534, -70.027815 44.120629, -70.027486 44.120726, -70.027346 44.120867, -70.027147 44.120959, -70.026903 44.121015, -70.02672 44.120976, -70.026318 44.120863, -70.025447 44.12056, -70.025031 44.120384, -70.024974 44.120368, -70.025058 44.120135, -70.025139 44.119854, -70.025199 44.119572, -70.025267 44.119292, -70.025367 44.119014, -70.0255 44.118668, -70.025624 44.118326, -70.025704 44.118047, -70.025778 44.117843, -70.025848 44.117715, -70.025894 44.117656, -70.025962 44.117589, -70.026026 44.117557, -70.026085 44.117535, -70.026197 44.117514, -70.026298 44.117512, -70.026344 44.117511, -70.026652 44.117531, -70.02755 44.117621, -70.028328 44.117714, -70.028533 44.117727, -70.028732 44.117734, -70.029132 44.117758, -70.029326 44.117781, -70.029518 44.117809, -70.029802 44.117867, -70.030076 44.117948, -70.0306 44.118138, -70.031322 44.1184, -70.031569 44.118508, -70.031728 44.118593, -70.031873 44.118686, -70.032009 44.118784, -70.032137 44.11889, -70.032244 44.119006, -70.032337 44.11913, -70.032415 44.119261, -70.032481 44.119397, -70.032602 44.119746, -70.032674 44.120032, -70.03271 44.120199))",2,142.86
1004,230050011001004,Block 1004,16,46,"POLYGON ((-70.263425 43.649988, -70.262961 43.650447, -70.262762 43.650665, -70.262675 43.650751, -70.261717 43.650243, -70.261825 43.650146, -70.26192 43.650049, -70.262118 43.649864, -70.262427 43.649577, -70.262535 43.649487, -70.262738 43.649595, -70.263298 43.649922, -70.263425 43.649988))",3,65.22
2018,230110107002018,Block 2018,8,18,"POLYGON ((-69.794263 44.280569, -69.79407 44.281039, -69.793995 44.28121, -69.79349 44.282375, -69.793256 44.282943, -69.793171 44.283125, -69.79301 44.283471, -69.792889 44.28376, -69.792857 44.283754, -69.792762 44.283739, -69.792731 44.283734, -69.792702 44.283729, -69.792615 44.283715, -69.792587 44.283711, -69.792508 44.283698, -69.79243 44.283683, -69.792374 44.283672, -69.792194 44.283643, -69.792306 44.283376, -69.792528 44.282827, -69.792605 44.282635, -69.792699 44.282423, -69.792844 44.282101, -69.792945 44.281831, -69.793046 44.281546, -69.79317 44.281195, -69.793184 44.281158, -69.793296 44.280892, -69.793346 44.280794, -69.793382 44.280721, -69.79343 44.280629, -69.793452 44.280576, -69.793484 44.2805, -69.793516 44.280426, -69.793664 44.280457, -69.793915 44.28051, -69.794112 44.280543, -69.794263 44.280569))",1,55.56
